,restaurant_id,city_id
0,Dy91wdWkwtI_qgjAIZ0Niw,0
1,_Oksx3ALgKLRVxeAR8l_qA,0
2,_NhT0A3LUEd75L_cEXf2_A,0
3,A_-Vv5oKZNqxsV69_7E2KQ,0
4,JNH-hcySeuGmtI_t8dG3Dw,0
5,ekBvLA43oEWEswUXZI0bYQ,0
6,5R6YO6K9PkthkTbXqV9slQ,0
7,iXemjTj5TOByT1-cNTSaDw,1
8,5ODCsQbRdsFIWlypGF3iUw,0
9,s-7Q1GAQmB-Qsm_UwviHVA,2
10,59fWFpyDg01BTEH-Hh6jdw,3
11,YdpDpp130fxiX2DUdQLSqg,0
12,EROSyhoWNCUH53NrDrsHgQ,0
13,Vo4NZBtF3mr6EJitNnq-Wg,4
14,xNWueX3uZjmixQUkY38GzQ,0
15,sFtEbnWDtIADseyr8Lx6Qw,2
16,ulwns2OavT81v6zG-Sk6ng,2
17,B6zs6ywn7TfhOmmDtuWQkw,1
18,qmDm7guS7TAZTSDFYY2bug,0
19,SkWaAf50KiN2m0zXfnAuiA,5
20,D392vqhMjDPkHw1U8p66Uw,0
21,O1gJVygW6UVgKCpErmYZfw,0
22,ggJXlslLYndvE7n3hgJBCQ,0
23,CKKY7kxtznKVzm9FBzAL4w,0
24,Q4OTSH9DaoeqtYcg6qYtZg,0
25,OlOVRlcEstxKK_6hMjy63A,0
26,eNxh94Ogxwuomg7JsZu98w,1
27,o8JeOB8HTa5HYHg6hfqTHw,0
28,7Ld1DxAhSlGSateku0iqbg,0
29,7O7YHTUB3uqXHsQSLKR0SA,1
30,MZW_eTFYFBvHYg5OFqDRCA,0
31,i2qrXvLkhyG4xyRI-ddcZA,1
32,yDiWYpuzRxcTgSi_O4JZpQ,2
33,ThZyytdc_kj2uBYFiSao-A,2
34,uoMWvXch6sWnI9FMsE_-Vg,0
35,02kw1y-cUK5v_u5BaAQvjg,2
36,fCFUlCHG4spZ3O0vbqnYjA,0
37,LSxmfbgcZLdQ5ai2vf2nmA,1
38,psD0qpCK-iENFO9c8hmnkw,3
39,c4D851qxOujE5KTH8upXTA,1
40,5RtAJPXFLTzwALIe1mtNuA,0
41,xtbAqP_Ftb3kYJ53Hv6H5w,0
42,ZB2T9dwB4vhHPsJC_4eOnw,1
43,mtowE4p6gOgyGrHAsMz-rg,0
44,f9iPWhAeA_IKCF-aPcud1A,0
45,ccEgmgcc5uLJejser0UD0g,2
46,oS70RVt-RegY3Ts0hLASQA,2
47,N-_ilHVIMQqzkga7nHfA8A,0
48,VMiDHHR-JHgB4ZoVluxpLQ,0
49,ixsljpxu56VCTtayIELqUg,0
50,3zWNxtRhyR4rLPfXyQgSyw,0
51,XF86J5bJKkmueBL-PmPbcg,0
52,OGbdvZAvSZ30l8sde9GSwQ,0
53,wWcETNWBnFEi1J_W_9hXJA,0
54,DAcqRGI_u8yNCcUIczfNxA,6
55,gTM5c2B3X2nEvYg6Jlw_EA,0
56,k9W1gDPg4TziOTqY_xjTyQ,0
57,hFa7UxRZgJDQJ3UBhQsu9A,0
58,_BqPnypB6wPZRPbEqtKy6A,0
59,sKQ0KYon7eT6xEnCpb18aw,0
60,MmFNgQrsPrFWUx6Wr3KS1w,2
61,UZkuF34Plfao49I9dylzXg,0
62,iCfB58Cvb_rw_SDAgPXLfA,0
63,sTQZ6WHggp7pBnn7mW7y0w,3
64,citzbW-2MVEZRNBqpVO-Jw,0
65,jVJH1KfitQi87MYMh6vyMg,7
66,iJKOUYgigs4VYsWny6AtEA,0
67,W6S482dRQ_9nCcLjfv8VNg,0
68,XYoyLbHwbBJShaZltxsAYQ,1
69,7ELSYoA2CZx8UPSLrvhOXg,1
70,1Ye_elsSB-XjKgWAHDwPbw,2
71,fLeD_h6uD4yEN2ciI08RiA,0
72,JaHuWM3Tp1aG7NW66mhutw,2
73,5IFqqWJTaPNoY2ZgRlX73w,0
74,MTjS4g__WMgA-PPMjCL4fQ,2
75,19fHbf0qzihtEtXQZ2ntww,0
76,ScXJHSCceQao6K87VK199Q,0
77,8zJsbIVBXDoGaEmQNicjdg,0
78,Y4eaKcLP0hCIfvhknOT4uQ,0
79,5cvVmZYhYr1P0ot0ed2lJQ,0
80,oQcV39W4ApVURMAXd7qhzw,0
81,dsglOxl3QNlMzidRhZ4NWw,1
82,O7vMyd_Lg2-1DTW8VPFwcQ,2
83,8k3m4HBZB0h--N98bV4j8Q,1
84,VHJBGikBqXpdc6mc7qtQ8g,3
85,gdV2mdEGR_kPA9EW6r2Qeg,0
86,ilriW8ywq5HFs56Ux8pftw,0
87,hAV6BW2gfdtbDhxeBJUvIQ,0
88,MkYu8dMDQFX830cIqMo90Q,1
89,pp79bmyve2egmM1_9Rh9Fg,0
90,Z5gHx5r8Amn_LB4eNSJs_A,0
91,wlzn5BhVMS2Kz3BYcTZIRg,0
92,sHRfeIQg6FMhjKkiNfaLgw,0
93,fd_fNaeZxcZfUza3K6Be9w,5
94,N-EQ9UDuFHT9RyC1JFX5pQ,0
95,yQFHhWKAr2f8LNQvq-8NxQ,0
96,NBPOJO1QZE_65BM4qmQahQ,0
97,4VGEq2AHUw3uP2L51S8raw,0
98,XOOsIjiMVQYB3An7z89Mnw,0
99,TUU1mt51yasYH0QYwzKTEg,0
100,1C1zjPi4rYwgGr8kD-1pwA,0
101,QrCC-AbRjY8J0jw-aBcotQ,0
102,G01vpgoEWyYxESzZEij5sA,0
103,koYe0Xt78lAigCvFRiCw8w,1
104,yn57lTycvUvogODsFEyWVQ,0
105,LdGu5XlzAX0XalxAUMMdwA,0
106,tvlElS5cQ6YVEVOb34ujqQ,0
107,HurD0KDmuuHVNnh1lGb_OQ,0
108,cbfQNOgUYCu3Isfa6icYgQ,0
109,hrPLZ99KVPz_7yxZVfc9kA,1
110,E55sNGuWYTRlH3r6_5OlOg,0
111,hF-Ndu77yzspMkDZv9bWzg,0
112,uH_nXWJn51aHspawHb-GBA,0
113,41lJbk2WXU3R0GKDKxRFPA,1
114,H2HZ5Rz01L2xLzjJR8sQ-g,0
115,8vvMGaJ5biveUVE6-yTipQ,0
116,sTvFxzQU_4bm-owSJXx0MQ,4
117,p_iyQ6Mo33ZbGS5k5_bTng,2
118,qFsh80AAL90tkOc0n98bqg,0
119,-AxGGm4yvhedkmN1glW1Xw,1
120,jpEhAUyitrgwDatsgeBgXg,0
121,shIAkjO9IFa4yTM5EENPTQ,0
122,OpUoLGa5NwOzuPutIAa1vA,1
123,h3DUMo4oWyVQ9ZfGar6vPg,0
124,KnXW9AQKAlGmQ9AU_77B5Q,5
125,nrlYIT438hkDub2ifE8DHg,1
126,JQ__Ee1Uuw8bWUu8E2CjBQ,0
127,edFDP6O_R4n9BUXDMFqApw,3
128,VVqQvn29cQ2LZXJ_9rPa-g,0
129,uyXVm7lhbR26t5Jy20VYPg,1
130,Nvy1jETQItFjG0oyjpGk7w,0
131,AjxhKYSbc1NrGOxAcqxb9w,1
132,52RFRa6UlbIxy8EnWJQpjg,1
133,_ju1BXAF5g5QtAFfZZKO1g,4
134,IugPZVHmgdGvOmNVi07ueg,5
135,f4ykOH9Z-87b2l3Ea4HDPA,2
136,MIK2lBW3eFpPcy0vKxPS6w,1
137,FGPFf3cZ0djSKNXNDY8IqQ,0
138,sX_vxWQuZu_EA1bkCX95Yw,0
139,mtXTk0-IRTS8d0w16ihRPw,1
140,ucDPodtTLX7LHZnigGRa4Q,8
141,LwXkXDdsu1yWWcWAbt2fYw,0
142,Cv4QFI1gGGrgRSVnMU0qug,6
143,PHaAnZO3jkJeVaekf2zT4A,0
144,UtVv2dVuHqpaJqnRwismiA,0
145,Il3GDb6A7rGSYdt89Wb0Fw,0
146,QpQ8CxC14jnNOdb7B2R6zQ,0
147,CZ2KPQtt0ah0up00YK0Ypg,5
148,-eJJKj0ClOvumIYksYSdcQ,0
149,081vVr80-uscqGGaFAxKfQ,0
150,1DCPuF0_VZNLRvHEAVJJng,0
151,zUMbBbxlBY0_hbAclEwDmA,1
152,UXJEQycac7JKyyTVDjWBdA,1
153,HsCX4E7_k-XXS-1iTz17CA,0
154,W6Nc9Lt4n89sEBXqpCIGrA,5
155,Z_xbp4N5MDssZxdUohybTg,1
156,hBmWWvU6BSL6i_eYapOFGQ,9
157,YJgLVtH4IFzRTrlvTO2_Cw,0
158,G1M1OJmxp5dPY3rRYpl5WQ,1
159,jfv6PEdL5KchI-DGJlnbWQ,0
160,ExwZRGJcZ7eMfFalfQjhkg,0
161,w0RHRKHj9g2G3H5LcrOiKw,0
162,RzuUOVjXuyG9b8DctqAgFQ,2
163,ujUb29BOYcUyhMcnqo4bWA,1
164,Vy9VN70aRpIe4yEo55VrWQ,0
165,ULrDH5eEndkbALvYEBhrHw,0
166,2CCPRNXRO33sYuotGG7MqA,2
167,-ShzgoeH2nvGG_TlNfMz2w,1
168,t1KiSVmxADW1LaxA2Wtj9g,0
169,jrNAkn21Tjq3n9v2n3m46g,0
170,uAlZsR2u3sArs6vuuHl0mQ,2
171,0XXZSQpSbcbL1i4iK-Ohiw,3
172,QfaobFtkXhyTirLQLkV82w,1
173,2ojUHZ_5H8_S0vh-rXpPfA,1
174,b8yPm2F9dHjJLu5NF-lneA,0
175,k93U5RS4ohNqk9912QcyOw,1
176,gfIj5FvIejEiex4WV04wIQ,0
177,e1o-2If3E-OY2A_yvamrIQ,0
178,Pn9_MnhoLrMFdW3AZDORMQ,0
179,MyNFSdduvVnfeJu5sQfFLg,2
180,hZVzFdmKqFDPHleovfGnPA,0
181,H0tVJV7M5lb0bE5vDZd6KQ,0
182,OJUTu1PAPjljZBwtI5DUdg,0
183,W_M-QaSW2y2JfUDRfOZ4-Q,0
184,OEMBtqjWgHvLOCIjhY_7eA,2
185,PhPokNCiFVdOx8BsdPnqeg,0
186,zj8HThbzTWvXl7-Dw0_nsQ,0
187,zz0l4dUf28wzPAaTdGqsSw,0
188,yzQvpMF2HFZrK4ZL3vV5Ig,0
189,SYcdJP123caYVCkZ27BIOw,0
190,BypYxOw7LRO8zjFMxRWdDQ,1
191,mskYyOH-xVyBlBn9OLqu4Q,5
192,3P-5sAQoAyKcoO5e4paG7Q,2
193,-G0iVQaYvpZETVKwPVdR9A,1
194,58OuqehnPxdFq8gWR_hBRw,0
195,m7gW3sfkxmIeW3dz5XTzTQ,0
196,-zngCcpYYPNXEfwv9NJsIA,0
197,AVYuQ6DTqpqsB141r3lH4w,0
198,lxWMl4ejGvFmihN-qSTNXw,2
199,gRHfRxTqaf_oUapIB9MMUA,4
200,w2LKdmH6Ytez4ptNdO0Vuw,1
201,sd0AA8okoNnR7ONkF9AWvw,0
202,TYgc71FqGLGiROceq4TP2A,0
203,_I4a0zwTEJsvbLVqM5cS_g,0
204,qljraKzqFlIONICsRtzSnw,1
205,ML0D_20SZv-Xz0ST74qkuA,3
206,sl3Lm8ZNuY_oIop0ZFRzuw,2
207,5Vp6Pz3AVcqbyDj1ynKOTA,0
208,tuKYmeiSkAURPQnRDCLBxg,2
209,Ixr2-GfYKatXdq1rZnfHiA,1
210,wkO1a_i1Mzpd-0sbiLa7EA,0
211,4C0xj95V8-Mp14OixoTUZA,0
212,PtVJoVOcsll8TP2HnArLsw,0
213,UxP1VK4lTLKRu9cgjGhdaw,0
214,ijJLd8VHB-vPLWmHyyELYQ,1
215,pkNffAUPpdKaUuUUbhzLmQ,0
216,5hID2DruRwIwit0BcLHTaw,2
217,uMoHJJg3zFNjh09WxN8HWA,2
218,6Ks2A_uQSvMrDa9_wl5aKg,2
219,4WAgExw8IOQ_mcN1DUy4Iw,0
220,Co47eJ287hxR-9iqhnswcw,0
221,DNvMHI_X3PEi9vTmMHO0Yg,2
222,3VZsvccKrkvmBshoAFrgGw,0
223,SUththHA3pfnkQT3Tu27IQ,2
224,nNKZXzq3kT71E6R3JX9RPg,0
225,KrJcaM7Fh-NClOIXfB-s4g,0
226,ctppPuguEKktu2X7SaOf-g,0
227,VlzexKYF6St7-N4tAoGBqg,1
228,7ABcgM9T7SD7H_-MLy61MQ,0
229,RKgn1CwGm8FCH0hKOTDG3g,0
230,TdLZpW0GG0NXsBjtX_SlRg,1
231,vMWBVI5ky6c1gfuPB7ZTLQ,0
232,NQkqbnHOPwvaBGdhP_03qA,5
233,7VrD6atyAIOPJAEdAvsA1g,5
234,Hx8DHtPTRq-Qa98fRCTofA,2
235,HBuQAJvypwNerylr03XqQg,1
236,gAiAwgSFAzT2yFXyL6dVcg,0
237,T4RdefWsIRfo_36Bv8X15g,0
238,Te4yTJ7blab4s_JTAF71Iw,0
239,b9cdwGoH4oetEYA5b1YpDw,1
240,nUwlAKUoxCJb3SDAxpymbA,0
241,ByD67fU4LfLkNMpMZXdAYQ,1
242,5vNalmeJRlPQR0HGfyCq7A,0
243,enWMHykIbIYAX1ChWQURZA,0
244,fmM5dA09gigXH0nCb9nEvw,0
245,qzNMDrjffJGMa1TVgmdS0g,0
246,pWIO8FCZqnPxTwt7lURk8w,1
247,YCfMNP_1YCTXTKlrnw44vQ,0
248,1XJ1kOixnDEfnTrRfyjUiw,0
249,JEpsrFGIH4ixJJ4q2yUb_A,0
250,pvwdXO69MQKeAEFwcISnFA,10
251,FJSIOZotIVrgvqMuBQ7y7w,0
252,kMVROdQZoNoQBmvvpe78LA,0
253,IZMHmGH1NbULyreLPx3t9A,0
254,Qpyp_qwSCxb6a0PsLcJnwA,5
255,01ikDdFTvc2-YXeyv-YXjg,0
256,Z4S1pssoLucE1DT7aervXQ,1
257,yih0BSPRXzPlc8qVNlYs-g,0
258,K6SQfxBapNAIVr_C73ohlw,0
259,zVagjsscMqU6ztrFvv6hOg,1
260,953cL2plLpQtabKer3r9aQ,0
261,P6DfeEXFpV_Z6RJRMZ6oXQ,0
262,rBYX6kKsDt24uFdyAEs5iw,0
263,yBfY-xIpN_OmxyXfoX0bTQ,0
264,ifGlDvwm_6ralFBNb35Bkg,2
265,lNi997C0gpQMlKW4LIIdrg,0
266,PMv1-zywWOnHcmvcnB30HQ,0
267,B8oETYiwY33NGixjU6Z0oA,2
268,SWrUyOkijbZPp6If7UMzjw,0
269,5L918sNOVHcCJKZ7RWATBw,0
270,RubysERTZxfYrkkzgYOlXg,0
271,CLUKvU_lTOcCQi6_24lzOg,0
272,r19qAeTxkc-aes2UVt9v5Q,0
273,R5yCU9dJnGcXw3voSB7pKg,0
274,Wy3s-xxiqZBg5Y1eSzI2DQ,0
275,1MiuGnBgT6beHPfTJiCF7g,0
276,b9bzEYHseU0ceo7-0XaXqg,9
277,lm-KtpMuHoPVCkC7zpr_xg,5
278,i0Q1qSWUsyMJcbcTNJBtIw,0
279,WroosnY3U0t_Lg1U_3s8AQ,0
280,YxRqBrepifOBU7KO4b4BDg,0
281,eZV80xPOehww63KQWdrviQ,0
282,lqMOJ_cVSvVU-lferJVPLg,0
283,8MzZuGJVuA_HzzQ-QKDpTg,1
284,4To3eljiM2DlF-D7Fih8iQ,1
285,yTVTy75PHthgHH1ZcGVbZg,0
286,kFx4Nq2WhoIlCx7Adrzo8Q,0
287,TlaXeIvS_0yQhjWTLHCLSA,0
288,lwJllJ5e4CLHdliOPEfgGg,0
289,Wj2Rb6wGmejjYuZgRpNuNw,0
290,CUckmG16ZfLaLogSDlSNYw,2
291,YBZHAr2Psvh20BZBv7o6cQ,1
292,DZUZbsr-a_59zjjPY8rGKQ,0
293,3qRDGcBOcfFnEfAzVLO6oA,0
294,J1VMww2sKmYVWETGXR63_A,1
295,QqN7cWY8DerAsL7kW01UcQ,0
296,0MivygP7tD4AWbskqYmMuA,0
297,FNufNXHffHXRUhIqXWNoCQ,0
298,UI396ToWHWXcDmILMclWcg,11
299,3N38Hwxvx2Azb2hyLb1vxA,2
300,_7EnH5l_oCZyu407yuvNEQ,3
301,VcwdSsoGhQAwo7Th3MWBOw,2
302,C-rxRVvEs7VrGUwMSngxvA,1
303,j1e3-hZkEX-mnxuujdKQig,0
304,UBX73ZWgCdgom4nv0UeGvg,1
305,XWDbA6RFVBBLjPps-f47Cw,0
306,-KugJyLmuTECAE121jsCkg,3
307,-F-30mTCP0dUr_mm57NxUQ,0
308,ZraQzfGJfnVMbMXZwOQ7Vg,0
309,MPuoLAmmBvijfXC7JEUsFw,2
310,-PuFGEYEx1wPjqoxfE_k4Q,0
311,UXHJCBnu6Ruh4SjLBOyaAA,0
312,F4cyfaD-SIg2N8r2xIiWjg,0
313,Y9wxA_5Mwnax3dTLTXxEZg,0
314,FAvUlfYblxOf6FA4eO-qnA,2
315,h2TLKm5xuRttX1NJUoYurQ,2
316,VNf2NwMjjcYVBWGGMigTtA,0
317,g1o1XGR4vA85paP6G9S9DQ,2
318,dAYsDKMHLR3eZqn1CP5oJw,0
319,6zLeYObKM9K4aFcSrhbz_Q,0
320,J4Lj1Mag6ODDmP0kuRnEZw,0
321,icydX8ke3jYeam4yL3ap4w,0
322,QgJv-WSd5IdYTYIaS_RRxQ,0
323,FjgPNVFrbL924rNUMm8nBg,2
324,Eggbe8TRDB0wPjqymWMk9Q,12
325,QZjoE2z7MwKZ8JvzUNzGzw,0
326,g49GSuIxGFz0Kr9b9qXqJQ,0
327,Tz36ybiNcF6X9wxEFZ4J4g,0
328,jVJdCT5lD-DT0LuH1OGVNA,1
329,F0hePnZFn1Da5bQ-GO5tfA,0
330,Ve1V5bBuUCz_aB0K5s0x_w,2
331,Y4nL9U-1fJmGAs5iTlSIXg,0
332,r08CGs3hygzCtBcmZYpZsg,0
333,65024MqvGVwOvseDL8l_-w,0
334,yK8LWJ4VRTYEoGxVYzcjQg,1
335,3dn-FdMoVBfqkH3SEgecxw,2
336,gtOVX8hGKKIryQs0lGPt3w,1
337,ACVar6kJC_P2aDHDBx6N_Q,0
338,4EffIBpRHXJP0mNZeRAYvA,0
339,hFMud7XDefdWM1d-p1B2dQ,1
340,2-yrFS9sCxyKPfr6CnHmTw,0
341,_wm4lnfN_vWSuXZH3gXq9Q,2
342,Wbq1ioousibK88FRw3PlDA,0
343,qwoqt5912WOdHHOtoMUF1A,3
344,0y5x2QxXdeHvs_m0hoO84Q,3
345,gemfdRJabGzAqfD1oLLC_A,1
346,myAaXOSoxfaNnCPTcV4M8w,0
347,9i784uctK0-_omQcdCcgWA,0
348,qeBhpLwPn8KZJoHPPSH-sg,2
349,0HzjYHjeL5GvGHMj9XjO5A,0
350,jCyQknyt1mkMTBw60-ABUw,0
351,_LoYXMFxkbmrpAP74d81Dw,1
352,ylkgMTVWMvliW9x-XlbjvA,0
353,kvb0a9FiFs9UXWxE6q-5DA,0
354,Qp_6nULBg80xhx8ksMYAHQ,0
355,ajFL2FsdDZQwwpiOVeh1nQ,0
356,-PTWFicakClBDK-zyQ5hjA,1
357,uPngSFlKQmQT3v8h8aTwmA,0
358,ERov0fZxnWhM-2GYFY2i9Q,0
359,xHi_onbMgQqj86HFfDiqsw,1
360,I3yzZhtKfRMuUHWHDBqHGA,0
361,v1VKIvac73Fxt6BMiuKiTA,2
362,HQdoy8OpEuGKM_Op-ovHFQ,1
363,alM80dgR9izB_svltTw1Nw,1
364,YkL_44nF4_jUDm3cyq5SJw,0
365,rl77SOSsmY-jklKpTm3jWw,0
366,NlkFNuYkreoPvrThNQEvbw,0
367,EUTf-d0OVBMyPkg3lObG6w,1
368,X0lMkTXVs3PLcyKzQ6GTcw,0
369,JogSG9qSX7rRN1qioMhYeg,0
370,DXdqMi16GRc7oMUSFmjIfA,0
371,IZgQel8rfyLY8r69GtnUQg,0
372,adVbOEChtDwsLF6k_Quczw,0
373,-eKoPT80NewUNc2h-hevdA,0
374,qCVbvgYjJkdsrSN71Ra0Ew,0
375,hJ0QkeOdQ5y7MTmdR9NO1Q,4
376,TU3rjb_t9OVLoxVJpwEhwA,0
377,T3zMecCY619BrWOg-fi7lA,0
378,hN4B1kS8J5MQykKxrYXB_g,2
379,aAPiZY_6_xb2qSMs0ABBpg,2
380,2ZaldC7ird5-K9sSvK6tIw,0
381,aiJg1ucX4IoeWFwKTNZcsA,0
382,yfKe5Ne8oo4jEBXiZvr__g,0
383,rwPdi2Ept5LcVYIRUjj53Q,0
384,BKVwN2btBPovpWis42Urlg,0
385,DZG3652AxmIUGmlF-hg3mw,0
386,pOQGEGN_UrH8rtKea0WKRA,0
387,UgdwL5wCdaFe84wmXmwaFg,0
388,qdKCj1XsTCgTql1iuPB5lg,0
389,a-YvWwzkAd-w6VWsW0sEhQ,0
390,Jmk_N22L1iQ6-EZIlexqag,2
391,qRB4CzTnQy6iOO4D1FT4kg,5
392,Yh0HF45_lVXa6gSSKsJY1w,1
393,JCXcdCGpqIRXEGzhPukdsg,2
394,FyPqFGQXuX7Jkrjm6LoC0Q,0
395,Y8iVXWq_C-U3POZ6yItw7Q,1
396,4Co0fjkcBvNpUY1z-tg67g,2
397,2XEXr1Ba8V8qN4IGADNliA,0
398,WM18UYsMn4EOwc1s1cCoAg,2
399,ElEbumta2ujV9PTx4OGbVw,0
400,gu4TEXWfC69ZVrKDsVPtKQ,0
401,z-2pRvQXAWqcZdLW2fKj9g,0
402,NXYydDGZuz3p2AGg4puqig,2
403,FYOPKSHyRVYwqjNayJdIPA,0
404,-6eomXaFuOSKPsUbk2A3xQ,5
405,yFxxhrdtDfmNF4xcXeem8A,0
406,vep5L_9i_xFaCm2bZvQemg,1
407,UWQn01BHc7jJnjDx6y-n9Q,1
408,reHlvRPArBEo4RatrXZQNg,0
409,8IazNnZkqYlNODBZPS1CGA,2
410,_ZG6xLrZ7VIfcQS_tl0Mpg,5
411,Qz6-OxFp9PhGwMZG5geqpw,0
412,L-NBC1etnxAvHP_u2xo4Ow,0
413,9pPK-EhpT9jkC7WXdtDM-w,0
414,iWyYWFXrOvyoxIvUPf8OuA,0
415,P_nqb7lULOtx3pAJbKfFXA,0
416,sRJFxyCjZnmXuZLk6uKW6Q,1
417,cVWOVdiHpPRzuS2FSQUgfA,12
418,3omPdJWZzRAaNZU4vaovZQ,0
419,S_i39mHBCZadtvwdC6Hb6Q,0
420,mcmOeaoHlryrtogjd3tooQ,0
421,DvKVx_Em_UkG2NPeeKSJzg,0
422,NTlF55qiq2TCxR_2Kr4NAA,0
423,015DpGQSGAjbHfa7KE-p5A,2
424,xSaH011Ov02w-8sxr78M6Q,5
425,ZjwEfrsA2bztSk9SLrPqPA,0
426,KzGXMHnlrknUhEjNyD8yZQ,0
427,2y2LhpdlHuGU6bkAHFSoQg,3
428,fNd-tOJGusNDcT0Kqzikaw,1
429,AHQSq5ZdYVQUleXgPwHHhg,0
430,jAwmIPk8p2c2kxAbL7Ocyw,0
431,bbm5_njEZyw68E7UUY0xgQ,9
432,4lVR4qfWaX-wn1v4EakF8A,0
433,jJKvRg2tYr7qWP-VxdjCTQ,5
434,PGFzlPVRUz2rpR9DRAU7dQ,0
435,leaEzQ7Uz_7NID4vpx9RCQ,0
436,vVLLNrqhvrkVXfIIW9Etag,0
437,xNZj9zMVY7NizZyBn41BvA,0
438,Wz687hCcjVyHTCP-jd6U_Q,1
439,imCIha88DmlxaWpXScRkZw,1
440,0CeoONLXqseUxPdGerefOQ,0
441,DoHkrJJVPffu924i6MLtcg,0
442,j7LZM6rf4Bf33exo6XXKGA,0
443,RLB-RxkiAcY4pwjTYUzpEA,2
444,bS2clitvOuAuxFKxA0YnXA,1
445,71UVaCN8AtyovlqoS0Hixg,0
446,JaJDxNxLsV4h_Nkt7HsMAA,0
447,7sdNASlBZhZMQalQUKB4ug,1
448,Rgp0ZBmxRjf0pqqVnvzm8w,0
449,jWmg60gRRnNhaHQyc2W8Og,0
450,bn0XzKxBRBWvnHUMg5cz6g,1
451,dz3dov1RfT25X_StP__cdQ,0
452,7NZ8Uq7Xtx4i7MR--1IjNA,0
453,R36Rhjk95Jh70scUravEQw,1
454,L7wxBug8MF-Ag-u43DkQpg,0
455,FtN_ctIlpuTcAInNIMiM1g,0
456,DCJefHxEStVHnX8acaq0xA,0
457,jwp7_9S5IslgXnA7udfkYQ,0
458,qwIF7ZBgyP01Cdt53aYS3w,0
459,8tccha-xTkuNLiPfJYACXQ,0
460,mnyk_gnb60vFB2o6Y8c2Gw,0
461,P7p-rYAkkOnPURxXx3Tg8g,0
462,N8NB7lMryKMMf6SJUvzYVQ,1
463,z9xBQXT6Ru19ySOjdGDIqw,0
464,pOCjLcWQskQjRPi6zdLvAw,0
465,OwBgQo86CL2GmGX0OIUEEw,1
466,SwDn4LYC7uzQMmIz8RMBBg,0
467,leBpyQruds138tREAfRvzA,0
468,gDc_CGQD__1IqL79TaUKrg,0
469,prjS_8VAw65e32UtoCj5AA,0
470,4wvKerRd-Y88IX6E5lCArQ,0
471,CcxT3qxaAm9_3-q2h9zt_Q,0
472,15IzVzKuvUCrpM1AFvDT_A,0
473,n7XtDJQVnxb1UzPPzlOlHQ,0
474,d6CkVTvgiU-U-kLR1Mj09Q,8
475,ikqbPYXQNLIvfz0kymBnJA,0
476,nHHOQf2pjLT5jUvkG-4DHw,13
477,4orl8-9N6Opr9FJjpsSVCw,5
478,r3dO-D1qFn4Jct7KDNvImg,0
479,Wo1nGE9JL8U8MloV1OaiBg,0
480,vLiXVP1WHdilv13s5SnnQQ,0
481,PEb_HioboxCfFONLZzVNTQ,2
482,ZzCcljlsQco6WsRDGaV8mQ,0
483,skT9ekzLdiQRg6Wo2OzMvg,0
484,R1NlqZdqYbs-KXLPXROS-w,0
485,5xIcqp5q-6mw1FKaKpRCxw,7
486,EQr26hrk8cEYsZjaMVU57g,2
487,FhI8-M6EYtwfrerkWL_VMg,0
488,VKUUdRVElaufzQAI4OcxLQ,0
489,FoIzWtiwffKyfKJHsm7VKQ,1
490,prGQTaFLeso7Qkzy-lOz2w,1
491,2b-txFFWmKKq4AL-pnIxZg,1
492,l0qTrHzfkquC144PkJh4Rw,0
493,DGatNT8XO1aYuYVYGyWkPQ,0
494,xHWi7ZQ0zlRoKWlfnmhOYA,0
495,Y9EfIbXryZVWA3IVx86bAw,1
496,5oEyGDeqeXeMfFXZdevtFg,5
497,RO1LyRwH2eZT_eNUN0dC3w,1
498,rugDoz-A6vL-FG-8PbvOag,1
499,BEbSlK67eM7YnE9O5R7cGA,0
500,1h-Irop_Rad5LB9EBf59SA,5
501,70a-DEnbsZiYIjMaXnO8rQ,0
502,TwZnsqJCFncURCDQoEypSg,0
503,J1vj7-l7v4jYXxSR6ffPkA,0
504,eBo_ZnzWshp5Myx7ugbMhw,0
505,4mEqLXZD6aU3ymapf_hbIw,0
506,bKeKYs8NycSzIYvpT_6ncg,0
507,YSJ2WaubNxMCnlNsZfIQbQ,0
508,Lb5Gi0VnxwtFXk3sMTSMcQ,0
509,oa4bCkow1hrF6pqQCT6EGQ,2
510,e1D2n12gzzsyCdUdas5MKg,0
511,WjGfcajYECW1zEoinqpc2A,1
512,IzUXCIMWeocK1fJHdrgJgA,1
513,oZfUOoDJnORwQrDTqUJ-NA,5
514,LZquQqjVqoWFhVUqfLxUKw,0
515,m5fKuw8ZMfYjJLtcISCORg,0
516,51Fo_uY52A5oaI8YTHU5yg,0
517,XjaYTbAMsIOkofZJ4QSuJA,0
518,sy7uEcDtctaeYqD7HGrPCg,2
519,L3CwFF0JhicaxVfWzzrEAA,0
520,Qx6IaAjbIECWWaRuqjYMfw,0
521,K3ZZua4ab6YLhPqZ_DEDlw,4
522,cbimTBHAiibDpq8O6mP4VQ,2
523,5QPZY59iu3a0C-jWsZR8ow,0
524,QOMipQ_Xd2ISvO0MvAS_xQ,0
525,jQJqbe8WXuQNKlUNXfpXmQ,0
526,s-0tlWRv3QQnFEzs5CytRw,0
527,-rf-o_H-3_6XUrSxOLRcpg,1
528,JgYdYd7qXgFXVjGWFJOz1Q,0
529,qC8Whdafj7-DQ29b7Rlcdw,0
530,E9KNLJmufM-fFHV9xJSK4g,2
531,tpJSzkIvZYvGJB7rekoGjw,0
532,T3EnbJYkiMHutSxh0asEfA,0
533,WXVb0_TPSNGjqRshykMY8Q,0
534,59RdMsr5iXwZnD_qlnPskw,0
535,dg3w68b9e4pJsdeCv5pHVQ,2
536,NDk4qwpkU2npNZu742OdBQ,14
537,v22_o4QdnXqLaXSO9MZE7Q,2
538,lM5TtwwucIPIzEPeDqDaEw,2
539,JJF7J3UXCNSwCXAP4LojtQ,2
540,jXHjuZSgxAPCDZjxBXsPZg,2
541,7T3curcaRIXUmbXZEE6lVw,2
542,I99hAdRjOW31DfHW6MUqwg,0
543,eUes9qc-i7WMkUIdtddNDQ,0
544,2UPOe4CTsy57JyBWCjNWbQ,0
545,RjUlQqekSL14zu4rNOZuEQ,9
546,pn00KcFyvm88u7uwzka7cw,2
547,IHO1oAX0PrEQo5VYuipX7g,0
548,8htTVv-lUyz2SUXKcwSC_A,0
549,LOYex5JW6KuH_4t332wzsQ,0
550,ULnAfyqr9dL2_yRsHdYFEQ,0
551,4hWPnJWr1pJYOcI0CGrzWg,0
552,BJxoz5d_Z45JasgZ7o-5_g,0
553,pcT9YZDxLYRriQhWz-PnhA,1
554,DB36BjmWWPkWqESu9tjIaQ,1
555,MHCH84BAFfYXyY-NujHG7Q,2
556,gFOs5ho8kuPyYBdVkR3VHA,1
557,NzuiDTVc1KOBPb-ZJgG2WA,0
558,u6J-aO61VRmS7NKeBzrSjQ,0
559,2KnB5sR6QmD8YRcEGsa8ow,0
560,mHwn3XzGpyTXAe167aHMyA,0
561,gkZ6iiEfnO7I2UzOHbkzrA,0
562,4EWOA4I8_oszeXs7_ejJWA,0
563,CFBnmxqAm4vX6v4BFye70w,0
564,y_ErDiWeXxyYcL1_U966qQ,0
565,LI1pBFuAuen2hD2a5rilug,0
566,BHTpjNMdeja_cg9pRnRBOA,0
567,CQgXWdtFDfshGMVpWqE15A,1
568,YiNkf4WpIwLjsJPmgUeCRQ,0
569,rRWAgAsFhtXbhy8GoSt-TQ,1
570,sL_JrM7Llw5arZh0-JxZ2g,0
571,i8uaneoCO8Nd6FVa02PBLw,0
572,zfZvIjyu_hsnrnDcUZuBqQ,5
573,OfUF725s1RaoaEOPY3hwZg,0
574,Ds8E5RPjm2UHUemXJVTs3w,0
575,UVYxBJITEqiM1BJWbfUYMw,0
576,gHPS6jy5UzfVUDLUE74Y-A,0
577,XivGJBspUK_LWVRyp96EBA,0
578,_-pljHy_NUTTdd4dQBL-Yg,0
579,O-k86O0GnQgBn9KxUiE1iA,0
580,52pgQaYBZx8axZK4mPn0Ow,0
581,taQYHTJVJsnguw_tfEBShQ,0
582,QaPPKjlmCqX98J62Y-dlkg,0
583,h0jLNrV28BX3AC6yHaN2Kw,1
584,-HlTwWdzyN7Ec1xTjntfog,0
585,50nOu5uopq2EbrSM90ZxOQ,2
586,dRFSMj5Q3lro4UDeN6oCQg,0
587,wmDbIUgNaiemdgc6S2_-_A,0
588,m_a1nzDkdwYV9P2FvxqGsg,0
589,aRetE3hno9ISsRMaRaobGA,5
590,LWIXucbDnKfXt1se2wtqLQ,0
591,m0goxK9IkGhjoyfEA9ZvBQ,2
592,pVNQNJe5D5jnygJjWwSnfw,0
593,8nio_7eFGbCSLhiLwbWvdA,2
594,evrQGHs_lC_fmEniotaX8A,1
595,2kDAi5Od8S7C5QQ0TvLVxA,0
596,i6-HSvdSaNy-Sr4FXiM9YA,0
597,wYvNRu5yElMs108nz908hg,1
598,86Zz4Bysrm6GIBpci955wQ,5
599,7PmBvrYIRJRWM9dfp6Mv-g,0
600,Soz-9beX1fUmz3Yxp1sphg,0
601,FnI_J_T63I3Py7GnnmDaWA,0
602,msp4nQ9YPzSA7d6fVbSrAA,0
603,GsTHcKsO4c9ZnK0AdwfCpw,4
604,MsahEUyFXv-chom17KI_3w,0
605,Ry_VL75WDfuudBMu3q4cAA,0
606,i5PMM5ERgui9glBLO1vq9w,0
607,sRATWcg2MaU6_wVVLCmxog,0
608,vnANhbKBSyn_Kxul3ReR9A,0
609,0EYptIjdWCC41e03GBWwOA,2
610,xJ2-lBf5qtfyDCrAwrOpdg,0
611,ryqbpGS2tPKo2d9DkEdf4Q,1
612,OHtGdFojocDNolQYDWLnWg,0
613,LsMs0NL9jBukdsPqTP-sOA,0
614,qOFcDjpUw5oeV7LIdDAubg,0
615,cemvFp_hGI_6ev5_pd9Lew,0
616,lkAzVdzEZE0jEU91PmvQhQ,0
617,-jtTmbqX3jeMs4z693SO4w,0
618,N_Pv_9FMS47hR3w6TH4rmg,0
619,W1TfZnKeZxP5KaNPB3SXxA,0
620,9XzPqLGIkuN1rmqWH7aP9A,0
621,ja-xLPyx8Ha3tJ-tx-0CCw,0
622,AED1P8U_kyYerD1OPndpTQ,0
623,fqyKLWyaBHAz8I-FhEsruQ,1
624,nyISj6w5j8OBgbG88C5rZg,0
625,FWasI2Kq6OGBN60pvN__wA,0
626,7soL3w71DCyyoC9XKLODkw,1
627,bOsKg2PXQeSjTPWYNFnKxw,0
628,nGcfY8qVamkNIW7emQlfSQ,1
629,uK-mJE9L3P4X80gKp69i9A,3
630,_6BiItGONFUlzOYEYBMFkA,0
631,yEHnyZkYPROFuSf8jDfVVA,1
632,13l05k8AeGBJOIp5H4wlIA,0
633,4B1NLfBJRfeJ_7bKVTNa_w,0
634,Ct_g_xmNh1wvpfTD-QLI8Q,1
635,plf8Gya3Yzhy1pA_pUXWyg,1
636,OIeYD36y99Q6xObzwCJPwQ,0
637,8zSe71yhFMeydp1UKJrEEg,1
638,trkKocO5llb_3z54Q01q9w,1
639,0cLTDo4xyBWCxp0bMmwjIw,0
640,TPYRKrXsdUfOUQNFm6w_3w,0
641,S6ACtNZ5wY0EjmK07iWUgg,0
642,CUHE082XLb3X-vKsnFp4aQ,0
643,it6lzjNprkWZ2oKIHdfslA,1
644,752g7SDnEV4Jcj_fsEvWxA,0
645,jFUhWIXq4dDyMY5Z1yzwQg,0
646,Wbqv9rUtbNanq-hhegOYsg,0
647,DYIwMZs0aA0VqvzTAMuxag,0
648,5pQ2MsxB0eV8NDPJMO2DSQ,0
649,GLdfpx0O93HoIJfHonV-JQ,1
650,UGRRI0KG9S8WI-oWTaPaHA,0
651,YLzdt-K1lTH-SaE8j5NqIQ,1
652,_BDXbsPPdSj-MbdwdICqAg,0
653,iGJ6-XgJrOkEgm-ahmS4sA,2
654,ht70fX_P9ufTqDxIjtbwpA,0
655,VkHexf3mBy-8hu2vsSVd4g,1
656,e4GIbSFHess2qAopZNzxMQ,0
657,9KPLUSHOx2vgaK7n_tYs2Q,2
658,vfaKBk38ajlSYnXBc9dmEQ,1
659,JqdovxCkzQgj872gX4qZxA,0
660,B61ZWIX1AEl76A2WEdDZMw,2
661,yoOKenFN8L3BS80iOi083A,2
662,YFIk4noVT4mrdF2fiEr85w,1
663,XxptQeCkYTcDy4gQRAg9UQ,0
664,1mDmIanzPk0zEEytGdtaHg,0
665,ga8LWom8Xzu0ZKaohW7Jtg,0
666,6pWjGY72eQJ99Khs2adWZg,2
667,jMOIi_o4pmPwR_Q8P7gS5Q,0
668,mNKL1JPiN2zBrUmIgTM56A,0
669,_-OXe_vQnPRZp7-JBqXmbA,0
670,B0SPP0RsKkJxf6zK6mG9kw,1
671,vkffDkvbUwkgEXoBbCAXng,9
672,5k1Hk_ETYdNASh4IrmCXKg,2
673,z_MefzpYwQkxXorCdQTUjw,1
674,luUGLqA3Gxv5raCJOAzblw,1
675,zgSZxYaCI0wcMTR0Dxd7oQ,0
676,V291Oax3fUUxUzXnOpOqCQ,1
677,Iud8PGRJx53S4zpBVC2pSQ,0
678,yJ2585fQD8lcuckZ4QIdmw,0
679,e4Ykq4wvcUmBQmJTMd3Vzw,0
680,Nr2_KH54XKYxVV99zLkm_w,5
681,L7r4uOZT58z1Vv-rGlSZBg,0
682,Fs08fD1W5krz7vkc-qmpAA,0
683,bjE19DpRbN-OgTMVaMwpJg,0
684,kehm5RaeTwFNT43jfm7BSQ,5
685,9tXwyr5Yqu4WnuCLOUPtrQ,0
686,veEVH9fwkhs_iR38LlK2yA,0
687,9QsamgtWTCpiYVrFr-p26w,0
688,IiWJAgqRZnccukTwi_YjvQ,0
689,Da1Cc7gaouF_2avorSj-PA,0
690,ssCzAwPICd79FWhkqdpgBg,0
691,Un6hqD_6kzW1VW8SVuN7SA,2
692,-VbtijUhH4xVP7cZbEo6-Q,1
693,XqOSW0xVG7796_l_5-ai1A,5
694,skP6KUZgrEzY1udMSfBOyA,0
695,FB8GTSt4sBBNA9yZPZ4teA,1
696,_6BDxk8486ZYiRwpPmQewg,0
697,gV-u_5SA-htqslt2yUaLgg,0
698,ZzN0X75GAtJTd-WOdPGNtw,0
699,-q8Dnex7CtMFkg04gDd09A,0
700,Uq-y9KERobbe95mVet8NWw,0
701,VmxGFqtplC3yIOClQ3Tulg,0
702,aqLHq0LCuqgVVjcsjeyTbA,0
703,wANOZ3zhbnWMchaeHfksSw,0
704,_e0k_CGqUSp0_c17GaLSzg,0
705,yOWecDeW4MIBj-Hbpen3Pw,1
706,qWLHeczMVxxanXnMldknJw,0
707,s4sR4VUo5bzMcpXuiAj-EA,5
708,fg82H-02ojEUHAgDKk0Acw,0
709,4sZVseAd2XZrSReEmBlMFQ,0
710,FXyX5mm_2daiHTzEMukVEw,0
711,TqDErLK4t0TfSiFzxuocuQ,0
712,t33PAjYsxtFw--8NpLKfNg,0
713,Lmb-iJGzBu_1W-dEvB3TBQ,15
714,6T-hXleL9aMLf-sezBjs9Q,0
715,Me4mO0eMVp5ZY3Smznr7tQ,3
716,1vMvq4kXlOmSdPDWp_1shg,0
717,CBDzS_gMn_-jO3_4XXVYeA,0
718,XmlF_2NbH65tDiSd2u2M5A,1
719,4JR06JiS8W8ieXoF1ZWkGg,0
720,k2qArgJgsWWrtWT_r0rRlQ,0
721,srk9xvVrkXrEKUP-7oXAfQ,0
722,8o3w3Tu368WTFz45rMLvYQ,1
723,VBt9CM3hcetWVDREp-_IrA,0
724,VfkltVSN0Yhyu0Cgwhml4w,1
725,wP9W_KYu7qASDfkVZDP87Q,1
726,t13D7cAJSWtJj19uatqoXA,0
727,4OX0hYoXnXB9ihtptZByug,2
728,s_sEMaNkRtwjEFJfStaOgQ,0
729,d9-_PYtP-qklQ9Q7iLU8cw,2
730,_yqi2ut_GE9R13ZmMoqz1g,0
731,EP9K6qXOyHFq_0tp93wh9Q,0
732,LGYzaCmNj3_FiG-r8U1-mw,0
733,wz_wBcvlHhLi6DGKi_MPOw,0
734,b2eIruLWQpwgeoSWExmTVA,0
735,YCLI8aFvdM3uUE-MgrPJZQ,0
736,rt-b9ewIBHvlYlNuoCx2cA,0
737,hJvw6uua0KFIfBF44Hf2Eg,0
738,L-vZQuTZFNqjRdXdUnlurQ,0
739,CE4huEPSU8-7CRoxqcNfBA,0
740,h3mMPUeFLnd6JjlztFBRXg,0
741,Ick2_d3ywqp7d7Sf1Keb6A,3
742,gk3hzKydevLKZ2FVmJdt-A,2
743,5mJKPbzXp6PyFcIpHN4RlQ,0
744,jRbCgGm1cpIcBZf-vOhJvA,0
745,2vPU40ZWpAfL2e5iAfJmaA,0
746,FQbLZ_N_VuinjfBFxzK3TQ,1
747,3RvolkfkPzFkAHKWEG0Wnw,0
748,L3E-e_f-io2kcnT-hDbT4w,5
749,87ufxVV8RjtnLJjwjKG_nw,0
750,6cJQb8SEUqti-0S04e9Yow,2
751,Y1pykNVnghzVSW775FjP1w,0
752,5Ubo-2HLRnCCo8Pnq-v-cQ,0
753,qJcmu67ZEQ4bd1m9Kh_T1w,0
754,MqJlz0N3ujhtZCWnJmOpZg,2
755,YCPSELmCiZGB0xuKd558uw,0
756,eRHLp-PimreSNP5dR41nVg,1
757,hH5J-JyOWUjDvCrXBwr2Wg,0
758,47IVPsHZAA0soPvidEnNbw,0
759,j8Tp3nm8PYtO2exarX8zVg,3
760,LhQ_DPEESCNf-hy-GrrMdQ,0
761,yJ3PJRDGKjnsmqW7BFbB_A,0
762,FiQtALz4rxB-vCiq7ytrSw,0
763,PADyvVwZoY8waIraBOrN7g,0
764,h4xFP51FllJyCReUnzH6Ug,0
765,JDBjHAYQozrnkaph5XQTTg,10
766,1lOOo2L-Q9jvJAs-nN9dlQ,0
767,5tSloJbLGvllqnn9neahLw,0
768,NO6mSRC0hE-cl7CwdRPxmA,0
769,JXXjN3mw4zKdBTpRtVQKcg,0
770,Vg48ETIyEP9MALSqfDLGmA,0
771,0wX-W6ljNl0qJVEaE3tEbQ,0
772,MsWmW4SkisV0uJIBxeNstA,0
773,vJLbVnnZFb_kiUMjGIWsSg,16
774,_vpIEol9cEn3Y3KLpwbGkg,0
775,cg-5DuEk0AMzuILNx8FGtg,1
776,BnbHihkBM50Xq-uBy5bpcg,0
777,_CYSduKMEb9c_q2zX63dmQ,2
778,FzlicQyHeIbLGreKpfrOmw,0
779,JdY3_VeTm-dC3MG6Uzi1Lg,0
780,O4pbnpQYTSifS9plCU06ig,0
781,tb7o44eBlw-mLux6ODIXGA,0
782,UGHVZSx-t_bVeMfFE-MYwQ,0
783,zXQ2dEqAmUQfacYCZLehpQ,0
784,Gu_CWWSWsd37hpJyEHmgTQ,5
785,jeL2UXjzEqjAj9hXhIdagg,0
786,m3tc5lXPk0VQB8gjYANXIQ,1
787,0CennNWmhiYdSOEkGr7vkw,0
788,3lz2SeaByGnNHkqefOOw7g,0
789,_GWFsg1dl--bf7SnnCH4zg,0
790,rC8BSNd6Anq41TVkP92kOw,0
791,zJo7j03ZP32Ou3YdGh5fQg,2
792,WjfKT9KFRIufHXQkXp8Kzg,0
793,23hSJ8QvSK0J7pcqXARrOA,6
794,timmWUfeZ0ES0-mGnY5E2g,0
795,YPk2HzBuz3Pro6snB5l3KA,0
796,3KAW3nQD8w-eRy6U3sM0Tg,2
797,BMM41XabMlOBDdv9A-P95w,1
798,YTVRcMtQ0-dPkITAHTiZ2w,0
799,jBgAnt-Espd14jxCshc1SQ,0
800,5RZPAro3mrnVVIQ9FESIyw,0
801,K0Cw8KXgF23sEji9TnfBkA,0
802,GUapKeZz8THjpuS3urS16A,5
803,4iuNK5svIKV_GrbSwAXM6Q,3
804,EXEX90O-ULvk1FB-q0WELg,1
805,LTEpFgVru40dLvg1dsaD8g,0
806,byc92hBKz0DKvjcpl76LRQ,0
807,ut9lc20Dq7tUH0tZMKic1w,0
808,wzR95QhtA8xn7cLEfsQWmw,2
809,wyUcCSAhlgxNJvh1EmmobA,0
810,z_mI02wyyYD6PJ9wHqY1fw,1
811,KyRjvo1p7pQlyRsGHKOUHg,5
812,pIoIdh3M-RQ9ohTtgzGd9A,0
813,cDY4-OYo1IOGzxrbS4p3iw,0
814,14V1okj0kDg2JU6ykdeKLw,1
815,9rqb7gBJPbsFuESZfVMaXQ,0
816,wST1GG4p9sCoOuvKKvLVWw,2
817,WqjT1iiNEzr8P9kis0GunQ,0
818,uk_3KQEx_v-cV0GO1yvyKA,2
819,UQxzV_rY0rdbW9pPR2dsTg,1
820,lgxwrbvtz-Vqhc-oryi5qQ,0
821,jns8FlhfwbGfsE10eKLBnA,0
822,F82shtmHPubyaRgwJVdf-A,0
823,S7A1UW-wCpPP70d9mEbc1w,0
824,Nb-kpSwmX_LA-1fnvfRT_w,0
825,YXceGbVTwnTHsPbRb1gp4g,0
826,ZE6HI1zBSlGDYAUXzvVixg,0
827,kIiFXhJY5mymV8_25A7jrA,0
828,QnAhrSePleZX_Tof5CR3hg,2
829,YvkadIJ-G9OPpnCOSW2ISg,0
830,nvpT3yvXm7fPDZlkzkf2fQ,0
831,SxyKh33vZAUevgqQ5CYGtA,0
832,bjZQ8Ql0QzlRW6GgdgIytw,0
833,W7IXC4Bq5jXOQVV6Cu1OSA,0
834,yvVJxONMGqOzO1ouw77J3Q,0
835,Sm3LFPwOdn975HvcfrqDOw,0
836,86vyH37R2Edv0zKBc1lQyg,0
837,PXVw9DhzDDtq0TGcsdYsIQ,1
838,K8kw1ylsCTeEAAOY179feQ,9
839,1fwJTdGs4Fsm_mguZX6SFQ,0
840,dmj-6zHdO8R76-pdqiV8nw,1
841,rXieH75VhdR2pQhf1CWxhQ,3
842,q7J8uBa2o8a1iac_8x741Q,0
843,u7bo1o8ry-fvb6PbvtZJzQ,0
844,BKlw_Ao7FK01I5j9w_EXwA,0
845,EMVKCwf8Ck0XsADY_kCWkw,0
846,-L4ZVlzmrVKCs6F7ucgikA,0
847,ym3e_a1L4gyKZWU1-LuRYQ,0
848,a2NKecVY4wof4NGSc4hFXg,0
849,iQa7kNO5jMkGeJCJzbCPGg,1
850,i92ouDpINZXfL5gov7I5Kw,0
851,7U7IgKCBvUqHDoZvmunuAA,0
852,OO5oDYrIYlJaoFAFetrW-g,1
853,V71KzO8mXPK7E8no2FN8sw,2
854,2WOZLyI8pRNF5HSl8RAeaQ,1
855,lR5MEog_4Xr4Wkw5bEWSNg,3
856,eunaT5pF5ffyNUm0O8Zcrg,1
857,oC43ya3FFAG256bEXyXm2g,0
858,RnF36ZCuwHxpoFXf2aXX1g,0
859,OQQEhFY3Nvb5_jkmcQQDyw,0
860,Z3QKriJ_9J8gIy8C4QzaIw,2
861,e7eiRgVzH0v3GXDGURgf9A,0
862,uSRW0_iRB_Ri_qO_fz9VjA,5
863,WhQbHbOGtYas5LdNr2OQNQ,0
864,giGFpZkRy89cUzgTuyfNGA,0
865,9kRo0ULH--EDQwI69Shw-w,2
866,FN1sLS5hfMydZX94SYD1QA,0
867,XuH43OxI-NmA5-KbM5auvQ,0
868,riwJWxj4850tGBhRahDt7g,1
869,5c_jYz4IolgGdrJLabSTew,0
870,8hWGADp-m3NzX1-oSXPwPQ,1
871,Kk9WgsCJEclBbhWXxeL1TQ,0
872,NsTtjA9ZuJVr6pHApkOXsw,0
873,TB9Oi-HliFy7yycFFzvm9w,0
874,8aZFTAunMPJhv0Zz4jHWGw,0
875,OSjSbJEyIkey6tcTgL9y3Q,0
876,T7pfUqFPaxJWLquFePSLcw,0
877,Uz4ezmjEr2SawQL3zRcoZQ,8
878,K32hC2muzKilZkUs9RJhcw,5
879,pe4nl6zFDnoYx9ZaMOl-3w,0
880,FrkGJp1WIxpFFT07Qbos5w,5
881,q2SSz2-nRYWeFG2EoUMuZQ,0
882,ojmk4fKI4_8ZqRggwlxUpw,0
883,ELX24jqeRWZbR-Dq6wrnLQ,0
884,6tQrTyDTs5hWh5e4LlPLCg,0
885,tILA8ctsD_OZIcM2IfSyQA,0
886,vRdQizZLDFVh7TA9koOq2Q,0
887,ELgR35KIlpuTMeWi6tFP7g,0
888,ifEkf8JxP3RCBeszcIGLww,0
889,VbzoVWEPSfzaIGBq4KlVwQ,0
890,z9i9Tym7T64lMDg70Ii9hw,0
891,QNoDyRjQTmt2Pt1K4xHW3Q,0
892,96z5LhtPc2RQgNabJvrCJg,2
893,kBt6_fX1pZzizIMXDtD7og,1
894,zLDQl0CEv3WNSHAB1g8xXg,1
895,gd15-d7r2joRjkcXywMWUw,0
896,JvFDMS5yryf3lDwUPAb6OQ,0
897,Tr-8_aJ7VgywoRk3sMC4Ww,2
898,nXZS5W8-4VztBpjYIinpNw,0
899,P_1mSczqlosmm4ahM8v6LQ,0
900,SRg4QRR7xQrZ6cp9u8VX9g,1
901,r6MBlUIS8_U1JINh8HJZTw,0
902,yCgoR5GRjPXZXpdwHMUqTw,3
903,Ni1KrIwBlv489_4GTzXGEQ,0
904,nTIbCcAYMRrzUm29h0dk8Q,0
905,-M9uwwh6jHbzjHOm2N5fHg,2
906,bDFk_io_k-6To1ul3h3tuA,0
907,CZh7ag6mlr-4AMNkiEzHRg,0
908,XIBoAKSB52c3BYXnbLpgaA,0
909,KMxOsLntxetLSVUIf-uG4w,2
910,UK-v9kE16bUrifXmzfFxUw,0
911,oCo71AEK7x-CGpzVg56wRA,0
912,aQNDJ0WyuJZK-ZwkZqJq4g,0
913,z00F0RSAGimvSU9IrTevOw,2
914,W0hyjefq4YWl-uV-Hye5Mw,0
915,MxfQ_HrOBrSPSVk24CAb9A,0
916,h9tUG_bLdX30YAED9q0Fsg,3
917,aeZmTIjW5MbEARJC0Ch1rQ,0
918,V0ffRTuD2eZkUn6dyZAgRw,0
919,FNDX_9BaClbnmJyZI0mndQ,0
920,YNWEM2NVocUl6d74yRvpug,5
921,HmeKJIWJaJ7u8V9NhnZIEg,0
922,bS6aPaOR0X6OH4eFeEeUfw,15
923,MAQ3xsIxI9wbvilPYkvmVQ,0
924,_PlmFAlaUQHdQN6rli0gzA,0
925,6X1uRuf4Ykdt0prs_xqz6w,0
926,f3qKagX8q2lnz1O6Ulck7w,0
927,7L6pFDZN7jR2KqrDuxy-ng,1
928,wu4zVzAeTIClugvU_X4meA,0
929,IrD6smDjZM-Rt7B-SJDp4g,0
930,iR5MI7ch9z3AYiqxBVLJLw,0
931,9zOydjYJlIqsnJYtWDNP-A,0
932,iWFK7U-wBR-68X0VFrSkNA,2
933,9tQG4U90-x7Ha2_Tdg4Xmw,0
934,kLWpuSBJ0MGM7XRNlg0EEQ,0
935,v6AlogsSBf4sxrVHcSnMHQ,1
936,J4zpaa-HozFmRt4hYGlBuw,3
937,Q6_cM-2YjN10hgfs35Ml6g,0
938,lxuRSOi2RCW2yu0HT7GBEQ,0
939,YIaZeWePIaddftxUoxRh5g,0
940,UREmwQBCMimpOuFyKPW3xw,1
941,B5S_5MCYNWvcz0qn6dnTUw,0
942,P9pwQW2d-M1YgYQH71K-qw,0
943,E-3TJ8yFXpUSv1aThsVfZw,0
944,nN8plg8HmBSb4c7zdCZALQ,0
945,7UFRDoDdwC3_Pt77FzaJfg,0
946,ZlgwjiDDgsXl_rzR3XYwhw,0
947,Z53I9xwy0aMRy577GuM1KQ,0
948,ZlOWflwsH8mMtyMlQgYWZw,5
949,sSEKLTDGKdvOqevbfoBbiw,0
950,EXEzZQObGgWlQEHqZs3fLg,0
951,aAslC0l5mZB8oJNbld0byA,1
952,rDy9qZZEq-mbKExVQNTaqQ,0
953,AaRpbFg8-dazKyKmoh65tQ,0
954,_95ZY2UZrasSfuoDD_E1YA,1
955,Pn8fn5d95xGhEd-LADm2zw,0
956,f5KbR9Ty05qgJvFbMm7fjA,5
957,QENmoWh-mSKD8cBaK8lYhw,2
958,N9L1B3TD57wyDl7f3Awlcg,3
959,e_OEKGsZEndFkqcVyVb3Rw,0
960,2O2K6SXPWv56amqxCECd4w,17
