:START_ID(restaurants),:END_ID(cities)
Dy91wdWkwtI_qgjAIZ0Niw,0
_Oksx3ALgKLRVxeAR8l_qA,0
_NhT0A3LUEd75L_cEXf2_A,0
A_-Vv5oKZNqxsV69_7E2KQ,0
JNH-hcySeuGmtI_t8dG3Dw,0
ekBvLA43oEWEswUXZI0bYQ,0
5R6YO6K9PkthkTbXqV9slQ,0
iXemjTj5TOByT1-cNTSaDw,1
5ODCsQbRdsFIWlypGF3iUw,0
s-7Q1GAQmB-Qsm_UwviHVA,2
59fWFpyDg01BTEH-Hh6jdw,3
YdpDpp130fxiX2DUdQLSqg,0
EROSyhoWNCUH53NrDrsHgQ,0
Vo4NZBtF3mr6EJitNnq-Wg,4
xNWueX3uZjmixQUkY38GzQ,0
sFtEbnWDtIADseyr8Lx6Qw,2
ulwns2OavT81v6zG-Sk6ng,2
B6zs6ywn7TfhOmmDtuWQkw,1
qmDm7guS7TAZTSDFYY2bug,0
SkWaAf50KiN2m0zXfnAuiA,5
D392vqhMjDPkHw1U8p66Uw,0
O1gJVygW6UVgKCpErmYZfw,0
ggJXlslLYndvE7n3hgJBCQ,0
CKKY7kxtznKVzm9FBzAL4w,0
Q4OTSH9DaoeqtYcg6qYtZg,0
OlOVRlcEstxKK_6hMjy63A,0
eNxh94Ogxwuomg7JsZu98w,1
o8JeOB8HTa5HYHg6hfqTHw,0
7Ld1DxAhSlGSateku0iqbg,0
7O7YHTUB3uqXHsQSLKR0SA,1
MZW_eTFYFBvHYg5OFqDRCA,0
i2qrXvLkhyG4xyRI-ddcZA,1
yDiWYpuzRxcTgSi_O4JZpQ,2
ThZyytdc_kj2uBYFiSao-A,2
uoMWvXch6sWnI9FMsE_-Vg,0
02kw1y-cUK5v_u5BaAQvjg,2
fCFUlCHG4spZ3O0vbqnYjA,0
LSxmfbgcZLdQ5ai2vf2nmA,1
psD0qpCK-iENFO9c8hmnkw,3
c4D851qxOujE5KTH8upXTA,1
5RtAJPXFLTzwALIe1mtNuA,0
xtbAqP_Ftb3kYJ53Hv6H5w,0
ZB2T9dwB4vhHPsJC_4eOnw,1
mtowE4p6gOgyGrHAsMz-rg,0
f9iPWhAeA_IKCF-aPcud1A,0
ccEgmgcc5uLJejser0UD0g,2
oS70RVt-RegY3Ts0hLASQA,2
N-_ilHVIMQqzkga7nHfA8A,0
VMiDHHR-JHgB4ZoVluxpLQ,0
ixsljpxu56VCTtayIELqUg,0
3zWNxtRhyR4rLPfXyQgSyw,0
XF86J5bJKkmueBL-PmPbcg,0
OGbdvZAvSZ30l8sde9GSwQ,0
wWcETNWBnFEi1J_W_9hXJA,0
DAcqRGI_u8yNCcUIczfNxA,6
gTM5c2B3X2nEvYg6Jlw_EA,0
k9W1gDPg4TziOTqY_xjTyQ,0
hFa7UxRZgJDQJ3UBhQsu9A,0
_BqPnypB6wPZRPbEqtKy6A,0
sKQ0KYon7eT6xEnCpb18aw,0
MmFNgQrsPrFWUx6Wr3KS1w,2
UZkuF34Plfao49I9dylzXg,0
iCfB58Cvb_rw_SDAgPXLfA,0
sTQZ6WHggp7pBnn7mW7y0w,3
citzbW-2MVEZRNBqpVO-Jw,0
jVJH1KfitQi87MYMh6vyMg,7
iJKOUYgigs4VYsWny6AtEA,0
W6S482dRQ_9nCcLjfv8VNg,0
XYoyLbHwbBJShaZltxsAYQ,1
7ELSYoA2CZx8UPSLrvhOXg,1
1Ye_elsSB-XjKgWAHDwPbw,2
fLeD_h6uD4yEN2ciI08RiA,0
JaHuWM3Tp1aG7NW66mhutw,2
5IFqqWJTaPNoY2ZgRlX73w,0
MTjS4g__WMgA-PPMjCL4fQ,2
19fHbf0qzihtEtXQZ2ntww,0
ScXJHSCceQao6K87VK199Q,0
8zJsbIVBXDoGaEmQNicjdg,0
Y4eaKcLP0hCIfvhknOT4uQ,0
5cvVmZYhYr1P0ot0ed2lJQ,0
oQcV39W4ApVURMAXd7qhzw,0
dsglOxl3QNlMzidRhZ4NWw,1
O7vMyd_Lg2-1DTW8VPFwcQ,2
8k3m4HBZB0h--N98bV4j8Q,1
VHJBGikBqXpdc6mc7qtQ8g,3
gdV2mdEGR_kPA9EW6r2Qeg,0
ilriW8ywq5HFs56Ux8pftw,0
hAV6BW2gfdtbDhxeBJUvIQ,0
MkYu8dMDQFX830cIqMo90Q,1
pp79bmyve2egmM1_9Rh9Fg,0
Z5gHx5r8Amn_LB4eNSJs_A,0
wlzn5BhVMS2Kz3BYcTZIRg,0
sHRfeIQg6FMhjKkiNfaLgw,0
fd_fNaeZxcZfUza3K6Be9w,5
N-EQ9UDuFHT9RyC1JFX5pQ,0
yQFHhWKAr2f8LNQvq-8NxQ,0
NBPOJO1QZE_65BM4qmQahQ,0
4VGEq2AHUw3uP2L51S8raw,0
XOOsIjiMVQYB3An7z89Mnw,0
TUU1mt51yasYH0QYwzKTEg,0
1C1zjPi4rYwgGr8kD-1pwA,0
QrCC-AbRjY8J0jw-aBcotQ,0
G01vpgoEWyYxESzZEij5sA,0
koYe0Xt78lAigCvFRiCw8w,1
yn57lTycvUvogODsFEyWVQ,0
LdGu5XlzAX0XalxAUMMdwA,0
tvlElS5cQ6YVEVOb34ujqQ,0
HurD0KDmuuHVNnh1lGb_OQ,0
cbfQNOgUYCu3Isfa6icYgQ,0
hrPLZ99KVPz_7yxZVfc9kA,1
E55sNGuWYTRlH3r6_5OlOg,0
hF-Ndu77yzspMkDZv9bWzg,0
uH_nXWJn51aHspawHb-GBA,0
41lJbk2WXU3R0GKDKxRFPA,1
H2HZ5Rz01L2xLzjJR8sQ-g,0
8vvMGaJ5biveUVE6-yTipQ,0
sTvFxzQU_4bm-owSJXx0MQ,4
p_iyQ6Mo33ZbGS5k5_bTng,2
qFsh80AAL90tkOc0n98bqg,0
-AxGGm4yvhedkmN1glW1Xw,1
jpEhAUyitrgwDatsgeBgXg,0
shIAkjO9IFa4yTM5EENPTQ,0
OpUoLGa5NwOzuPutIAa1vA,1
h3DUMo4oWyVQ9ZfGar6vPg,0
KnXW9AQKAlGmQ9AU_77B5Q,5
nrlYIT438hkDub2ifE8DHg,1
JQ__Ee1Uuw8bWUu8E2CjBQ,0
edFDP6O_R4n9BUXDMFqApw,3
VVqQvn29cQ2LZXJ_9rPa-g,0
uyXVm7lhbR26t5Jy20VYPg,1
Nvy1jETQItFjG0oyjpGk7w,0
AjxhKYSbc1NrGOxAcqxb9w,1
52RFRa6UlbIxy8EnWJQpjg,1
_ju1BXAF5g5QtAFfZZKO1g,4
IugPZVHmgdGvOmNVi07ueg,5
f4ykOH9Z-87b2l3Ea4HDPA,2
MIK2lBW3eFpPcy0vKxPS6w,1
FGPFf3cZ0djSKNXNDY8IqQ,0
sX_vxWQuZu_EA1bkCX95Yw,0
mtXTk0-IRTS8d0w16ihRPw,1
ucDPodtTLX7LHZnigGRa4Q,8
LwXkXDdsu1yWWcWAbt2fYw,0
Cv4QFI1gGGrgRSVnMU0qug,6
PHaAnZO3jkJeVaekf2zT4A,0
UtVv2dVuHqpaJqnRwismiA,0
Il3GDb6A7rGSYdt89Wb0Fw,0
QpQ8CxC14jnNOdb7B2R6zQ,0
CZ2KPQtt0ah0up00YK0Ypg,5
-eJJKj0ClOvumIYksYSdcQ,0
081vVr80-uscqGGaFAxKfQ,0
1DCPuF0_VZNLRvHEAVJJng,0
zUMbBbxlBY0_hbAclEwDmA,1
UXJEQycac7JKyyTVDjWBdA,1
HsCX4E7_k-XXS-1iTz17CA,0
W6Nc9Lt4n89sEBXqpCIGrA,5
Z_xbp4N5MDssZxdUohybTg,1
hBmWWvU6BSL6i_eYapOFGQ,9
YJgLVtH4IFzRTrlvTO2_Cw,0
G1M1OJmxp5dPY3rRYpl5WQ,1
jfv6PEdL5KchI-DGJlnbWQ,0
ExwZRGJcZ7eMfFalfQjhkg,0
w0RHRKHj9g2G3H5LcrOiKw,0
RzuUOVjXuyG9b8DctqAgFQ,2
ujUb29BOYcUyhMcnqo4bWA,1
Vy9VN70aRpIe4yEo55VrWQ,0
ULrDH5eEndkbALvYEBhrHw,0
2CCPRNXRO33sYuotGG7MqA,2
-ShzgoeH2nvGG_TlNfMz2w,1
t1KiSVmxADW1LaxA2Wtj9g,0
jrNAkn21Tjq3n9v2n3m46g,0
uAlZsR2u3sArs6vuuHl0mQ,2
0XXZSQpSbcbL1i4iK-Ohiw,3
QfaobFtkXhyTirLQLkV82w,1
2ojUHZ_5H8_S0vh-rXpPfA,1
b8yPm2F9dHjJLu5NF-lneA,0
k93U5RS4ohNqk9912QcyOw,1
gfIj5FvIejEiex4WV04wIQ,0
e1o-2If3E-OY2A_yvamrIQ,0
Pn9_MnhoLrMFdW3AZDORMQ,0
MyNFSdduvVnfeJu5sQfFLg,2
hZVzFdmKqFDPHleovfGnPA,0
H0tVJV7M5lb0bE5vDZd6KQ,0
OJUTu1PAPjljZBwtI5DUdg,0
W_M-QaSW2y2JfUDRfOZ4-Q,0
OEMBtqjWgHvLOCIjhY_7eA,2
PhPokNCiFVdOx8BsdPnqeg,0
zj8HThbzTWvXl7-Dw0_nsQ,0
zz0l4dUf28wzPAaTdGqsSw,0
yzQvpMF2HFZrK4ZL3vV5Ig,0
SYcdJP123caYVCkZ27BIOw,0
BypYxOw7LRO8zjFMxRWdDQ,1
mskYyOH-xVyBlBn9OLqu4Q,5
3P-5sAQoAyKcoO5e4paG7Q,2
-G0iVQaYvpZETVKwPVdR9A,1
58OuqehnPxdFq8gWR_hBRw,0
m7gW3sfkxmIeW3dz5XTzTQ,0
-zngCcpYYPNXEfwv9NJsIA,0
AVYuQ6DTqpqsB141r3lH4w,0
lxWMl4ejGvFmihN-qSTNXw,2
gRHfRxTqaf_oUapIB9MMUA,4
w2LKdmH6Ytez4ptNdO0Vuw,1
sd0AA8okoNnR7ONkF9AWvw,0
TYgc71FqGLGiROceq4TP2A,0
_I4a0zwTEJsvbLVqM5cS_g,0
qljraKzqFlIONICsRtzSnw,1
ML0D_20SZv-Xz0ST74qkuA,3
sl3Lm8ZNuY_oIop0ZFRzuw,2
5Vp6Pz3AVcqbyDj1ynKOTA,0
tuKYmeiSkAURPQnRDCLBxg,2
Ixr2-GfYKatXdq1rZnfHiA,1
wkO1a_i1Mzpd-0sbiLa7EA,0
4C0xj95V8-Mp14OixoTUZA,0
PtVJoVOcsll8TP2HnArLsw,0
UxP1VK4lTLKRu9cgjGhdaw,0
ijJLd8VHB-vPLWmHyyELYQ,1
pkNffAUPpdKaUuUUbhzLmQ,0
5hID2DruRwIwit0BcLHTaw,2
uMoHJJg3zFNjh09WxN8HWA,2
6Ks2A_uQSvMrDa9_wl5aKg,2
4WAgExw8IOQ_mcN1DUy4Iw,0
Co47eJ287hxR-9iqhnswcw,0
DNvMHI_X3PEi9vTmMHO0Yg,2
3VZsvccKrkvmBshoAFrgGw,0
SUththHA3pfnkQT3Tu27IQ,2
nNKZXzq3kT71E6R3JX9RPg,0
KrJcaM7Fh-NClOIXfB-s4g,0
ctppPuguEKktu2X7SaOf-g,0
VlzexKYF6St7-N4tAoGBqg,1
7ABcgM9T7SD7H_-MLy61MQ,0
RKgn1CwGm8FCH0hKOTDG3g,0
TdLZpW0GG0NXsBjtX_SlRg,1
vMWBVI5ky6c1gfuPB7ZTLQ,0
NQkqbnHOPwvaBGdhP_03qA,5
7VrD6atyAIOPJAEdAvsA1g,5
Hx8DHtPTRq-Qa98fRCTofA,2
HBuQAJvypwNerylr03XqQg,1
gAiAwgSFAzT2yFXyL6dVcg,0
T4RdefWsIRfo_36Bv8X15g,0
Te4yTJ7blab4s_JTAF71Iw,0
b9cdwGoH4oetEYA5b1YpDw,1
nUwlAKUoxCJb3SDAxpymbA,0
ByD67fU4LfLkNMpMZXdAYQ,1
5vNalmeJRlPQR0HGfyCq7A,0
enWMHykIbIYAX1ChWQURZA,0
fmM5dA09gigXH0nCb9nEvw,0
qzNMDrjffJGMa1TVgmdS0g,0
pWIO8FCZqnPxTwt7lURk8w,1
YCfMNP_1YCTXTKlrnw44vQ,0
1XJ1kOixnDEfnTrRfyjUiw,0
JEpsrFGIH4ixJJ4q2yUb_A,0
pvwdXO69MQKeAEFwcISnFA,10
FJSIOZotIVrgvqMuBQ7y7w,0
kMVROdQZoNoQBmvvpe78LA,0
IZMHmGH1NbULyreLPx3t9A,0
Qpyp_qwSCxb6a0PsLcJnwA,5
01ikDdFTvc2-YXeyv-YXjg,0
Z4S1pssoLucE1DT7aervXQ,1
yih0BSPRXzPlc8qVNlYs-g,0
K6SQfxBapNAIVr_C73ohlw,0
zVagjsscMqU6ztrFvv6hOg,1
953cL2plLpQtabKer3r9aQ,0
P6DfeEXFpV_Z6RJRMZ6oXQ,0
rBYX6kKsDt24uFdyAEs5iw,0
yBfY-xIpN_OmxyXfoX0bTQ,0
ifGlDvwm_6ralFBNb35Bkg,2
lNi997C0gpQMlKW4LIIdrg,0
PMv1-zywWOnHcmvcnB30HQ,0
B8oETYiwY33NGixjU6Z0oA,2
SWrUyOkijbZPp6If7UMzjw,0
5L918sNOVHcCJKZ7RWATBw,0
RubysERTZxfYrkkzgYOlXg,0
CLUKvU_lTOcCQi6_24lzOg,0
r19qAeTxkc-aes2UVt9v5Q,0
R5yCU9dJnGcXw3voSB7pKg,0
Wy3s-xxiqZBg5Y1eSzI2DQ,0
1MiuGnBgT6beHPfTJiCF7g,0
b9bzEYHseU0ceo7-0XaXqg,9
lm-KtpMuHoPVCkC7zpr_xg,5
i0Q1qSWUsyMJcbcTNJBtIw,0
WroosnY3U0t_Lg1U_3s8AQ,0
YxRqBrepifOBU7KO4b4BDg,0
eZV80xPOehww63KQWdrviQ,0
lqMOJ_cVSvVU-lferJVPLg,0
8MzZuGJVuA_HzzQ-QKDpTg,1
4To3eljiM2DlF-D7Fih8iQ,1
yTVTy75PHthgHH1ZcGVbZg,0
kFx4Nq2WhoIlCx7Adrzo8Q,0
TlaXeIvS_0yQhjWTLHCLSA,0
lwJllJ5e4CLHdliOPEfgGg,0
Wj2Rb6wGmejjYuZgRpNuNw,0
CUckmG16ZfLaLogSDlSNYw,2
YBZHAr2Psvh20BZBv7o6cQ,1
DZUZbsr-a_59zjjPY8rGKQ,0
3qRDGcBOcfFnEfAzVLO6oA,0
J1VMww2sKmYVWETGXR63_A,1
QqN7cWY8DerAsL7kW01UcQ,0
0MivygP7tD4AWbskqYmMuA,0
FNufNXHffHXRUhIqXWNoCQ,0
UI396ToWHWXcDmILMclWcg,11
3N38Hwxvx2Azb2hyLb1vxA,2
_7EnH5l_oCZyu407yuvNEQ,3
VcwdSsoGhQAwo7Th3MWBOw,2
C-rxRVvEs7VrGUwMSngxvA,1
j1e3-hZkEX-mnxuujdKQig,0
UBX73ZWgCdgom4nv0UeGvg,1
XWDbA6RFVBBLjPps-f47Cw,0
-KugJyLmuTECAE121jsCkg,3
-F-30mTCP0dUr_mm57NxUQ,0
ZraQzfGJfnVMbMXZwOQ7Vg,0
MPuoLAmmBvijfXC7JEUsFw,2
-PuFGEYEx1wPjqoxfE_k4Q,0
UXHJCBnu6Ruh4SjLBOyaAA,0
F4cyfaD-SIg2N8r2xIiWjg,0
Y9wxA_5Mwnax3dTLTXxEZg,0
FAvUlfYblxOf6FA4eO-qnA,2
h2TLKm5xuRttX1NJUoYurQ,2
VNf2NwMjjcYVBWGGMigTtA,0
g1o1XGR4vA85paP6G9S9DQ,2
dAYsDKMHLR3eZqn1CP5oJw,0
6zLeYObKM9K4aFcSrhbz_Q,0
J4Lj1Mag6ODDmP0kuRnEZw,0
icydX8ke3jYeam4yL3ap4w,0
QgJv-WSd5IdYTYIaS_RRxQ,0
FjgPNVFrbL924rNUMm8nBg,2
Eggbe8TRDB0wPjqymWMk9Q,12
QZjoE2z7MwKZ8JvzUNzGzw,0
g49GSuIxGFz0Kr9b9qXqJQ,0
Tz36ybiNcF6X9wxEFZ4J4g,0
jVJdCT5lD-DT0LuH1OGVNA,1
F0hePnZFn1Da5bQ-GO5tfA,0
Ve1V5bBuUCz_aB0K5s0x_w,2
Y4nL9U-1fJmGAs5iTlSIXg,0
r08CGs3hygzCtBcmZYpZsg,0
65024MqvGVwOvseDL8l_-w,0
yK8LWJ4VRTYEoGxVYzcjQg,1
3dn-FdMoVBfqkH3SEgecxw,2
gtOVX8hGKKIryQs0lGPt3w,1
ACVar6kJC_P2aDHDBx6N_Q,0
4EffIBpRHXJP0mNZeRAYvA,0
hFMud7XDefdWM1d-p1B2dQ,1
2-yrFS9sCxyKPfr6CnHmTw,0
_wm4lnfN_vWSuXZH3gXq9Q,2
Wbq1ioousibK88FRw3PlDA,0
qwoqt5912WOdHHOtoMUF1A,3
0y5x2QxXdeHvs_m0hoO84Q,3
gemfdRJabGzAqfD1oLLC_A,1
myAaXOSoxfaNnCPTcV4M8w,0
9i784uctK0-_omQcdCcgWA,0
qeBhpLwPn8KZJoHPPSH-sg,2
0HzjYHjeL5GvGHMj9XjO5A,0
jCyQknyt1mkMTBw60-ABUw,0
_LoYXMFxkbmrpAP74d81Dw,1
ylkgMTVWMvliW9x-XlbjvA,0
kvb0a9FiFs9UXWxE6q-5DA,0
Qp_6nULBg80xhx8ksMYAHQ,0
ajFL2FsdDZQwwpiOVeh1nQ,0
-PTWFicakClBDK-zyQ5hjA,1
uPngSFlKQmQT3v8h8aTwmA,0
ERov0fZxnWhM-2GYFY2i9Q,0
xHi_onbMgQqj86HFfDiqsw,1
I3yzZhtKfRMuUHWHDBqHGA,0
v1VKIvac73Fxt6BMiuKiTA,2
HQdoy8OpEuGKM_Op-ovHFQ,1
alM80dgR9izB_svltTw1Nw,1
YkL_44nF4_jUDm3cyq5SJw,0
rl77SOSsmY-jklKpTm3jWw,0
NlkFNuYkreoPvrThNQEvbw,0
EUTf-d0OVBMyPkg3lObG6w,1
X0lMkTXVs3PLcyKzQ6GTcw,0
JogSG9qSX7rRN1qioMhYeg,0
DXdqMi16GRc7oMUSFmjIfA,0
IZgQel8rfyLY8r69GtnUQg,0
adVbOEChtDwsLF6k_Quczw,0
-eKoPT80NewUNc2h-hevdA,0
qCVbvgYjJkdsrSN71Ra0Ew,0
hJ0QkeOdQ5y7MTmdR9NO1Q,4
TU3rjb_t9OVLoxVJpwEhwA,0
T3zMecCY619BrWOg-fi7lA,0
hN4B1kS8J5MQykKxrYXB_g,2
aAPiZY_6_xb2qSMs0ABBpg,2
2ZaldC7ird5-K9sSvK6tIw,0
aiJg1ucX4IoeWFwKTNZcsA,0
yfKe5Ne8oo4jEBXiZvr__g,0
rwPdi2Ept5LcVYIRUjj53Q,0
BKVwN2btBPovpWis42Urlg,0
DZG3652AxmIUGmlF-hg3mw,0
pOQGEGN_UrH8rtKea0WKRA,0
UgdwL5wCdaFe84wmXmwaFg,0
qdKCj1XsTCgTql1iuPB5lg,0
a-YvWwzkAd-w6VWsW0sEhQ,0
Jmk_N22L1iQ6-EZIlexqag,2
qRB4CzTnQy6iOO4D1FT4kg,5
Yh0HF45_lVXa6gSSKsJY1w,1
JCXcdCGpqIRXEGzhPukdsg,2
FyPqFGQXuX7Jkrjm6LoC0Q,0
Y8iVXWq_C-U3POZ6yItw7Q,1
4Co0fjkcBvNpUY1z-tg67g,2
2XEXr1Ba8V8qN4IGADNliA,0
WM18UYsMn4EOwc1s1cCoAg,2
ElEbumta2ujV9PTx4OGbVw,0
gu4TEXWfC69ZVrKDsVPtKQ,0
z-2pRvQXAWqcZdLW2fKj9g,0
NXYydDGZuz3p2AGg4puqig,2
FYOPKSHyRVYwqjNayJdIPA,0
-6eomXaFuOSKPsUbk2A3xQ,5
yFxxhrdtDfmNF4xcXeem8A,0
vep5L_9i_xFaCm2bZvQemg,1
UWQn01BHc7jJnjDx6y-n9Q,1
reHlvRPArBEo4RatrXZQNg,0
8IazNnZkqYlNODBZPS1CGA,2
_ZG6xLrZ7VIfcQS_tl0Mpg,5
Qz6-OxFp9PhGwMZG5geqpw,0
L-NBC1etnxAvHP_u2xo4Ow,0
9pPK-EhpT9jkC7WXdtDM-w,0
iWyYWFXrOvyoxIvUPf8OuA,0
P_nqb7lULOtx3pAJbKfFXA,0
sRJFxyCjZnmXuZLk6uKW6Q,1
cVWOVdiHpPRzuS2FSQUgfA,12
3omPdJWZzRAaNZU4vaovZQ,0
S_i39mHBCZadtvwdC6Hb6Q,0
mcmOeaoHlryrtogjd3tooQ,0
DvKVx_Em_UkG2NPeeKSJzg,0
NTlF55qiq2TCxR_2Kr4NAA,0
015DpGQSGAjbHfa7KE-p5A,2
xSaH011Ov02w-8sxr78M6Q,5
ZjwEfrsA2bztSk9SLrPqPA,0
KzGXMHnlrknUhEjNyD8yZQ,0
2y2LhpdlHuGU6bkAHFSoQg,3
fNd-tOJGusNDcT0Kqzikaw,1
AHQSq5ZdYVQUleXgPwHHhg,0
jAwmIPk8p2c2kxAbL7Ocyw,0
bbm5_njEZyw68E7UUY0xgQ,9
4lVR4qfWaX-wn1v4EakF8A,0
jJKvRg2tYr7qWP-VxdjCTQ,5
PGFzlPVRUz2rpR9DRAU7dQ,0
leaEzQ7Uz_7NID4vpx9RCQ,0
vVLLNrqhvrkVXfIIW9Etag,0
xNZj9zMVY7NizZyBn41BvA,0
Wz687hCcjVyHTCP-jd6U_Q,1
imCIha88DmlxaWpXScRkZw,1
0CeoONLXqseUxPdGerefOQ,0
DoHkrJJVPffu924i6MLtcg,0
j7LZM6rf4Bf33exo6XXKGA,0
RLB-RxkiAcY4pwjTYUzpEA,2
bS2clitvOuAuxFKxA0YnXA,1
71UVaCN8AtyovlqoS0Hixg,0
JaJDxNxLsV4h_Nkt7HsMAA,0
7sdNASlBZhZMQalQUKB4ug,1
Rgp0ZBmxRjf0pqqVnvzm8w,0
jWmg60gRRnNhaHQyc2W8Og,0
bn0XzKxBRBWvnHUMg5cz6g,1
dz3dov1RfT25X_StP__cdQ,0
7NZ8Uq7Xtx4i7MR--1IjNA,0
R36Rhjk95Jh70scUravEQw,1
L7wxBug8MF-Ag-u43DkQpg,0
FtN_ctIlpuTcAInNIMiM1g,0
DCJefHxEStVHnX8acaq0xA,0
jwp7_9S5IslgXnA7udfkYQ,0
qwIF7ZBgyP01Cdt53aYS3w,0
8tccha-xTkuNLiPfJYACXQ,0
mnyk_gnb60vFB2o6Y8c2Gw,0
P7p-rYAkkOnPURxXx3Tg8g,0
N8NB7lMryKMMf6SJUvzYVQ,1
z9xBQXT6Ru19ySOjdGDIqw,0
pOCjLcWQskQjRPi6zdLvAw,0
OwBgQo86CL2GmGX0OIUEEw,1
SwDn4LYC7uzQMmIz8RMBBg,0
leBpyQruds138tREAfRvzA,0
gDc_CGQD__1IqL79TaUKrg,0
prjS_8VAw65e32UtoCj5AA,0
4wvKerRd-Y88IX6E5lCArQ,0
CcxT3qxaAm9_3-q2h9zt_Q,0
15IzVzKuvUCrpM1AFvDT_A,0
n7XtDJQVnxb1UzPPzlOlHQ,0
d6CkVTvgiU-U-kLR1Mj09Q,8
ikqbPYXQNLIvfz0kymBnJA,0
nHHOQf2pjLT5jUvkG-4DHw,13
4orl8-9N6Opr9FJjpsSVCw,5
r3dO-D1qFn4Jct7KDNvImg,0
Wo1nGE9JL8U8MloV1OaiBg,0
vLiXVP1WHdilv13s5SnnQQ,0
PEb_HioboxCfFONLZzVNTQ,2
ZzCcljlsQco6WsRDGaV8mQ,0
skT9ekzLdiQRg6Wo2OzMvg,0
R1NlqZdqYbs-KXLPXROS-w,0
5xIcqp5q-6mw1FKaKpRCxw,7
EQr26hrk8cEYsZjaMVU57g,2
FhI8-M6EYtwfrerkWL_VMg,0
VKUUdRVElaufzQAI4OcxLQ,0
FoIzWtiwffKyfKJHsm7VKQ,1
prGQTaFLeso7Qkzy-lOz2w,1
2b-txFFWmKKq4AL-pnIxZg,1
l0qTrHzfkquC144PkJh4Rw,0
DGatNT8XO1aYuYVYGyWkPQ,0
xHWi7ZQ0zlRoKWlfnmhOYA,0
Y9EfIbXryZVWA3IVx86bAw,1
5oEyGDeqeXeMfFXZdevtFg,5
RO1LyRwH2eZT_eNUN0dC3w,1
rugDoz-A6vL-FG-8PbvOag,1
BEbSlK67eM7YnE9O5R7cGA,0
1h-Irop_Rad5LB9EBf59SA,5
70a-DEnbsZiYIjMaXnO8rQ,0
TwZnsqJCFncURCDQoEypSg,0
J1vj7-l7v4jYXxSR6ffPkA,0
eBo_ZnzWshp5Myx7ugbMhw,0
4mEqLXZD6aU3ymapf_hbIw,0
bKeKYs8NycSzIYvpT_6ncg,0
YSJ2WaubNxMCnlNsZfIQbQ,0
Lb5Gi0VnxwtFXk3sMTSMcQ,0
oa4bCkow1hrF6pqQCT6EGQ,2
e1D2n12gzzsyCdUdas5MKg,0
WjGfcajYECW1zEoinqpc2A,1
IzUXCIMWeocK1fJHdrgJgA,1
oZfUOoDJnORwQrDTqUJ-NA,5
LZquQqjVqoWFhVUqfLxUKw,0
m5fKuw8ZMfYjJLtcISCORg,0
51Fo_uY52A5oaI8YTHU5yg,0
XjaYTbAMsIOkofZJ4QSuJA,0
sy7uEcDtctaeYqD7HGrPCg,2
L3CwFF0JhicaxVfWzzrEAA,0
Qx6IaAjbIECWWaRuqjYMfw,0
K3ZZua4ab6YLhPqZ_DEDlw,4
cbimTBHAiibDpq8O6mP4VQ,2
5QPZY59iu3a0C-jWsZR8ow,0
QOMipQ_Xd2ISvO0MvAS_xQ,0
jQJqbe8WXuQNKlUNXfpXmQ,0
s-0tlWRv3QQnFEzs5CytRw,0
-rf-o_H-3_6XUrSxOLRcpg,1
JgYdYd7qXgFXVjGWFJOz1Q,0
qC8Whdafj7-DQ29b7Rlcdw,0
E9KNLJmufM-fFHV9xJSK4g,2
tpJSzkIvZYvGJB7rekoGjw,0
T3EnbJYkiMHutSxh0asEfA,0
WXVb0_TPSNGjqRshykMY8Q,0
59RdMsr5iXwZnD_qlnPskw,0
dg3w68b9e4pJsdeCv5pHVQ,2
NDk4qwpkU2npNZu742OdBQ,14
v22_o4QdnXqLaXSO9MZE7Q,2
lM5TtwwucIPIzEPeDqDaEw,2
JJF7J3UXCNSwCXAP4LojtQ,2
jXHjuZSgxAPCDZjxBXsPZg,2
7T3curcaRIXUmbXZEE6lVw,2
I99hAdRjOW31DfHW6MUqwg,0
eUes9qc-i7WMkUIdtddNDQ,0
2UPOe4CTsy57JyBWCjNWbQ,0
RjUlQqekSL14zu4rNOZuEQ,9
pn00KcFyvm88u7uwzka7cw,2
IHO1oAX0PrEQo5VYuipX7g,0
8htTVv-lUyz2SUXKcwSC_A,0
LOYex5JW6KuH_4t332wzsQ,0
ULnAfyqr9dL2_yRsHdYFEQ,0
4hWPnJWr1pJYOcI0CGrzWg,0
BJxoz5d_Z45JasgZ7o-5_g,0
pcT9YZDxLYRriQhWz-PnhA,1
DB36BjmWWPkWqESu9tjIaQ,1
MHCH84BAFfYXyY-NujHG7Q,2
gFOs5ho8kuPyYBdVkR3VHA,1
NzuiDTVc1KOBPb-ZJgG2WA,0
u6J-aO61VRmS7NKeBzrSjQ,0
2KnB5sR6QmD8YRcEGsa8ow,0
mHwn3XzGpyTXAe167aHMyA,0
gkZ6iiEfnO7I2UzOHbkzrA,0
4EWOA4I8_oszeXs7_ejJWA,0
CFBnmxqAm4vX6v4BFye70w,0
y_ErDiWeXxyYcL1_U966qQ,0
LI1pBFuAuen2hD2a5rilug,0
BHTpjNMdeja_cg9pRnRBOA,0
CQgXWdtFDfshGMVpWqE15A,1
YiNkf4WpIwLjsJPmgUeCRQ,0
rRWAgAsFhtXbhy8GoSt-TQ,1
sL_JrM7Llw5arZh0-JxZ2g,0
i8uaneoCO8Nd6FVa02PBLw,0
zfZvIjyu_hsnrnDcUZuBqQ,5
OfUF725s1RaoaEOPY3hwZg,0
Ds8E5RPjm2UHUemXJVTs3w,0
UVYxBJITEqiM1BJWbfUYMw,0
gHPS6jy5UzfVUDLUE74Y-A,0
XivGJBspUK_LWVRyp96EBA,0
_-pljHy_NUTTdd4dQBL-Yg,0
O-k86O0GnQgBn9KxUiE1iA,0
52pgQaYBZx8axZK4mPn0Ow,0
taQYHTJVJsnguw_tfEBShQ,0
QaPPKjlmCqX98J62Y-dlkg,0
h0jLNrV28BX3AC6yHaN2Kw,1
-HlTwWdzyN7Ec1xTjntfog,0
50nOu5uopq2EbrSM90ZxOQ,2
dRFSMj5Q3lro4UDeN6oCQg,0
wmDbIUgNaiemdgc6S2_-_A,0
m_a1nzDkdwYV9P2FvxqGsg,0
aRetE3hno9ISsRMaRaobGA,5
LWIXucbDnKfXt1se2wtqLQ,0
m0goxK9IkGhjoyfEA9ZvBQ,2
pVNQNJe5D5jnygJjWwSnfw,0
8nio_7eFGbCSLhiLwbWvdA,2
evrQGHs_lC_fmEniotaX8A,1
2kDAi5Od8S7C5QQ0TvLVxA,0
i6-HSvdSaNy-Sr4FXiM9YA,0
wYvNRu5yElMs108nz908hg,1
86Zz4Bysrm6GIBpci955wQ,5
7PmBvrYIRJRWM9dfp6Mv-g,0
Soz-9beX1fUmz3Yxp1sphg,0
FnI_J_T63I3Py7GnnmDaWA,0
msp4nQ9YPzSA7d6fVbSrAA,0
GsTHcKsO4c9ZnK0AdwfCpw,4
MsahEUyFXv-chom17KI_3w,0
Ry_VL75WDfuudBMu3q4cAA,0
i5PMM5ERgui9glBLO1vq9w,0
sRATWcg2MaU6_wVVLCmxog,0
vnANhbKBSyn_Kxul3ReR9A,0
0EYptIjdWCC41e03GBWwOA,2
xJ2-lBf5qtfyDCrAwrOpdg,0
ryqbpGS2tPKo2d9DkEdf4Q,1
OHtGdFojocDNolQYDWLnWg,0
LsMs0NL9jBukdsPqTP-sOA,0
qOFcDjpUw5oeV7LIdDAubg,0
cemvFp_hGI_6ev5_pd9Lew,0
lkAzVdzEZE0jEU91PmvQhQ,0
-jtTmbqX3jeMs4z693SO4w,0
N_Pv_9FMS47hR3w6TH4rmg,0
W1TfZnKeZxP5KaNPB3SXxA,0
9XzPqLGIkuN1rmqWH7aP9A,0
ja-xLPyx8Ha3tJ-tx-0CCw,0
AED1P8U_kyYerD1OPndpTQ,0
fqyKLWyaBHAz8I-FhEsruQ,1
nyISj6w5j8OBgbG88C5rZg,0
FWasI2Kq6OGBN60pvN__wA,0
7soL3w71DCyyoC9XKLODkw,1
bOsKg2PXQeSjTPWYNFnKxw,0
nGcfY8qVamkNIW7emQlfSQ,1
uK-mJE9L3P4X80gKp69i9A,3
_6BiItGONFUlzOYEYBMFkA,0
yEHnyZkYPROFuSf8jDfVVA,1
13l05k8AeGBJOIp5H4wlIA,0
4B1NLfBJRfeJ_7bKVTNa_w,0
Ct_g_xmNh1wvpfTD-QLI8Q,1
plf8Gya3Yzhy1pA_pUXWyg,1
OIeYD36y99Q6xObzwCJPwQ,0
8zSe71yhFMeydp1UKJrEEg,1
trkKocO5llb_3z54Q01q9w,1
0cLTDo4xyBWCxp0bMmwjIw,0
TPYRKrXsdUfOUQNFm6w_3w,0
S6ACtNZ5wY0EjmK07iWUgg,0
CUHE082XLb3X-vKsnFp4aQ,0
it6lzjNprkWZ2oKIHdfslA,1
752g7SDnEV4Jcj_fsEvWxA,0
jFUhWIXq4dDyMY5Z1yzwQg,0
Wbqv9rUtbNanq-hhegOYsg,0
DYIwMZs0aA0VqvzTAMuxag,0
5pQ2MsxB0eV8NDPJMO2DSQ,0
GLdfpx0O93HoIJfHonV-JQ,1
UGRRI0KG9S8WI-oWTaPaHA,0
YLzdt-K1lTH-SaE8j5NqIQ,1
_BDXbsPPdSj-MbdwdICqAg,0
iGJ6-XgJrOkEgm-ahmS4sA,2
ht70fX_P9ufTqDxIjtbwpA,0
VkHexf3mBy-8hu2vsSVd4g,1
e4GIbSFHess2qAopZNzxMQ,0
9KPLUSHOx2vgaK7n_tYs2Q,2
vfaKBk38ajlSYnXBc9dmEQ,1
JqdovxCkzQgj872gX4qZxA,0
B61ZWIX1AEl76A2WEdDZMw,2
yoOKenFN8L3BS80iOi083A,2
YFIk4noVT4mrdF2fiEr85w,1
XxptQeCkYTcDy4gQRAg9UQ,0
1mDmIanzPk0zEEytGdtaHg,0
ga8LWom8Xzu0ZKaohW7Jtg,0
6pWjGY72eQJ99Khs2adWZg,2
jMOIi_o4pmPwR_Q8P7gS5Q,0
mNKL1JPiN2zBrUmIgTM56A,0
_-OXe_vQnPRZp7-JBqXmbA,0
B0SPP0RsKkJxf6zK6mG9kw,1
vkffDkvbUwkgEXoBbCAXng,9
5k1Hk_ETYdNASh4IrmCXKg,2
z_MefzpYwQkxXorCdQTUjw,1
luUGLqA3Gxv5raCJOAzblw,1
zgSZxYaCI0wcMTR0Dxd7oQ,0
V291Oax3fUUxUzXnOpOqCQ,1
Iud8PGRJx53S4zpBVC2pSQ,0
yJ2585fQD8lcuckZ4QIdmw,0
e4Ykq4wvcUmBQmJTMd3Vzw,0
Nr2_KH54XKYxVV99zLkm_w,5
L7r4uOZT58z1Vv-rGlSZBg,0
Fs08fD1W5krz7vkc-qmpAA,0
bjE19DpRbN-OgTMVaMwpJg,0
kehm5RaeTwFNT43jfm7BSQ,5
9tXwyr5Yqu4WnuCLOUPtrQ,0
veEVH9fwkhs_iR38LlK2yA,0
9QsamgtWTCpiYVrFr-p26w,0
IiWJAgqRZnccukTwi_YjvQ,0
Da1Cc7gaouF_2avorSj-PA,0
ssCzAwPICd79FWhkqdpgBg,0
Un6hqD_6kzW1VW8SVuN7SA,2
-VbtijUhH4xVP7cZbEo6-Q,1
XqOSW0xVG7796_l_5-ai1A,5
skP6KUZgrEzY1udMSfBOyA,0
FB8GTSt4sBBNA9yZPZ4teA,1
_6BDxk8486ZYiRwpPmQewg,0
gV-u_5SA-htqslt2yUaLgg,0
ZzN0X75GAtJTd-WOdPGNtw,0
-q8Dnex7CtMFkg04gDd09A,0
Uq-y9KERobbe95mVet8NWw,0
VmxGFqtplC3yIOClQ3Tulg,0
aqLHq0LCuqgVVjcsjeyTbA,0
wANOZ3zhbnWMchaeHfksSw,0
_e0k_CGqUSp0_c17GaLSzg,0
yOWecDeW4MIBj-Hbpen3Pw,1
qWLHeczMVxxanXnMldknJw,0
s4sR4VUo5bzMcpXuiAj-EA,5
fg82H-02ojEUHAgDKk0Acw,0
4sZVseAd2XZrSReEmBlMFQ,0
FXyX5mm_2daiHTzEMukVEw,0
TqDErLK4t0TfSiFzxuocuQ,0
t33PAjYsxtFw--8NpLKfNg,0
Lmb-iJGzBu_1W-dEvB3TBQ,15
6T-hXleL9aMLf-sezBjs9Q,0
Me4mO0eMVp5ZY3Smznr7tQ,3
1vMvq4kXlOmSdPDWp_1shg,0
CBDzS_gMn_-jO3_4XXVYeA,0
XmlF_2NbH65tDiSd2u2M5A,1
4JR06JiS8W8ieXoF1ZWkGg,0
k2qArgJgsWWrtWT_r0rRlQ,0
srk9xvVrkXrEKUP-7oXAfQ,0
8o3w3Tu368WTFz45rMLvYQ,1
VBt9CM3hcetWVDREp-_IrA,0
VfkltVSN0Yhyu0Cgwhml4w,1
wP9W_KYu7qASDfkVZDP87Q,1
t13D7cAJSWtJj19uatqoXA,0
4OX0hYoXnXB9ihtptZByug,2
s_sEMaNkRtwjEFJfStaOgQ,0
d9-_PYtP-qklQ9Q7iLU8cw,2
_yqi2ut_GE9R13ZmMoqz1g,0
EP9K6qXOyHFq_0tp93wh9Q,0
LGYzaCmNj3_FiG-r8U1-mw,0
wz_wBcvlHhLi6DGKi_MPOw,0
b2eIruLWQpwgeoSWExmTVA,0
YCLI8aFvdM3uUE-MgrPJZQ,0
rt-b9ewIBHvlYlNuoCx2cA,0
hJvw6uua0KFIfBF44Hf2Eg,0
L-vZQuTZFNqjRdXdUnlurQ,0
CE4huEPSU8-7CRoxqcNfBA,0
h3mMPUeFLnd6JjlztFBRXg,0
Ick2_d3ywqp7d7Sf1Keb6A,3
gk3hzKydevLKZ2FVmJdt-A,2
5mJKPbzXp6PyFcIpHN4RlQ,0
jRbCgGm1cpIcBZf-vOhJvA,0
2vPU40ZWpAfL2e5iAfJmaA,0
FQbLZ_N_VuinjfBFxzK3TQ,1
3RvolkfkPzFkAHKWEG0Wnw,0
L3E-e_f-io2kcnT-hDbT4w,5
87ufxVV8RjtnLJjwjKG_nw,0
6cJQb8SEUqti-0S04e9Yow,2
Y1pykNVnghzVSW775FjP1w,0
5Ubo-2HLRnCCo8Pnq-v-cQ,0
qJcmu67ZEQ4bd1m9Kh_T1w,0
MqJlz0N3ujhtZCWnJmOpZg,2
YCPSELmCiZGB0xuKd558uw,0
eRHLp-PimreSNP5dR41nVg,1
hH5J-JyOWUjDvCrXBwr2Wg,0
47IVPsHZAA0soPvidEnNbw,0
j8Tp3nm8PYtO2exarX8zVg,3
LhQ_DPEESCNf-hy-GrrMdQ,0
yJ3PJRDGKjnsmqW7BFbB_A,0
FiQtALz4rxB-vCiq7ytrSw,0
PADyvVwZoY8waIraBOrN7g,0
h4xFP51FllJyCReUnzH6Ug,0
JDBjHAYQozrnkaph5XQTTg,10
1lOOo2L-Q9jvJAs-nN9dlQ,0
5tSloJbLGvllqnn9neahLw,0
NO6mSRC0hE-cl7CwdRPxmA,0
JXXjN3mw4zKdBTpRtVQKcg,0
Vg48ETIyEP9MALSqfDLGmA,0
0wX-W6ljNl0qJVEaE3tEbQ,0
MsWmW4SkisV0uJIBxeNstA,0
vJLbVnnZFb_kiUMjGIWsSg,16
_vpIEol9cEn3Y3KLpwbGkg,0
cg-5DuEk0AMzuILNx8FGtg,1
BnbHihkBM50Xq-uBy5bpcg,0
_CYSduKMEb9c_q2zX63dmQ,2
FzlicQyHeIbLGreKpfrOmw,0
JdY3_VeTm-dC3MG6Uzi1Lg,0
O4pbnpQYTSifS9plCU06ig,0
tb7o44eBlw-mLux6ODIXGA,0
UGHVZSx-t_bVeMfFE-MYwQ,0
zXQ2dEqAmUQfacYCZLehpQ,0
Gu_CWWSWsd37hpJyEHmgTQ,5
jeL2UXjzEqjAj9hXhIdagg,0
m3tc5lXPk0VQB8gjYANXIQ,1
0CennNWmhiYdSOEkGr7vkw,0
3lz2SeaByGnNHkqefOOw7g,0
_GWFsg1dl--bf7SnnCH4zg,0
rC8BSNd6Anq41TVkP92kOw,0
zJo7j03ZP32Ou3YdGh5fQg,2
WjfKT9KFRIufHXQkXp8Kzg,0
23hSJ8QvSK0J7pcqXARrOA,6
timmWUfeZ0ES0-mGnY5E2g,0
YPk2HzBuz3Pro6snB5l3KA,0
3KAW3nQD8w-eRy6U3sM0Tg,2
BMM41XabMlOBDdv9A-P95w,1
YTVRcMtQ0-dPkITAHTiZ2w,0
jBgAnt-Espd14jxCshc1SQ,0
5RZPAro3mrnVVIQ9FESIyw,0
K0Cw8KXgF23sEji9TnfBkA,0
GUapKeZz8THjpuS3urS16A,5
4iuNK5svIKV_GrbSwAXM6Q,3
EXEX90O-ULvk1FB-q0WELg,1
LTEpFgVru40dLvg1dsaD8g,0
byc92hBKz0DKvjcpl76LRQ,0
ut9lc20Dq7tUH0tZMKic1w,0
wzR95QhtA8xn7cLEfsQWmw,2
wyUcCSAhlgxNJvh1EmmobA,0
z_mI02wyyYD6PJ9wHqY1fw,1
KyRjvo1p7pQlyRsGHKOUHg,5
pIoIdh3M-RQ9ohTtgzGd9A,0
cDY4-OYo1IOGzxrbS4p3iw,0
14V1okj0kDg2JU6ykdeKLw,1
9rqb7gBJPbsFuESZfVMaXQ,0
wST1GG4p9sCoOuvKKvLVWw,2
WqjT1iiNEzr8P9kis0GunQ,0
uk_3KQEx_v-cV0GO1yvyKA,2
UQxzV_rY0rdbW9pPR2dsTg,1
lgxwrbvtz-Vqhc-oryi5qQ,0
jns8FlhfwbGfsE10eKLBnA,0
F82shtmHPubyaRgwJVdf-A,0
S7A1UW-wCpPP70d9mEbc1w,0
Nb-kpSwmX_LA-1fnvfRT_w,0
YXceGbVTwnTHsPbRb1gp4g,0
ZE6HI1zBSlGDYAUXzvVixg,0
kIiFXhJY5mymV8_25A7jrA,0
QnAhrSePleZX_Tof5CR3hg,2
YvkadIJ-G9OPpnCOSW2ISg,0
nvpT3yvXm7fPDZlkzkf2fQ,0
SxyKh33vZAUevgqQ5CYGtA,0
bjZQ8Ql0QzlRW6GgdgIytw,0
W7IXC4Bq5jXOQVV6Cu1OSA,0
yvVJxONMGqOzO1ouw77J3Q,0
Sm3LFPwOdn975HvcfrqDOw,0
86vyH37R2Edv0zKBc1lQyg,0
PXVw9DhzDDtq0TGcsdYsIQ,1
K8kw1ylsCTeEAAOY179feQ,9
1fwJTdGs4Fsm_mguZX6SFQ,0
dmj-6zHdO8R76-pdqiV8nw,1
rXieH75VhdR2pQhf1CWxhQ,3
q7J8uBa2o8a1iac_8x741Q,0
u7bo1o8ry-fvb6PbvtZJzQ,0
BKlw_Ao7FK01I5j9w_EXwA,0
EMVKCwf8Ck0XsADY_kCWkw,0
-L4ZVlzmrVKCs6F7ucgikA,0
ym3e_a1L4gyKZWU1-LuRYQ,0
a2NKecVY4wof4NGSc4hFXg,0
iQa7kNO5jMkGeJCJzbCPGg,1
i92ouDpINZXfL5gov7I5Kw,0
7U7IgKCBvUqHDoZvmunuAA,0
OO5oDYrIYlJaoFAFetrW-g,1
V71KzO8mXPK7E8no2FN8sw,2
2WOZLyI8pRNF5HSl8RAeaQ,1
lR5MEog_4Xr4Wkw5bEWSNg,3
eunaT5pF5ffyNUm0O8Zcrg,1
oC43ya3FFAG256bEXyXm2g,0
RnF36ZCuwHxpoFXf2aXX1g,0
OQQEhFY3Nvb5_jkmcQQDyw,0
Z3QKriJ_9J8gIy8C4QzaIw,2
e7eiRgVzH0v3GXDGURgf9A,0
uSRW0_iRB_Ri_qO_fz9VjA,5
WhQbHbOGtYas5LdNr2OQNQ,0
giGFpZkRy89cUzgTuyfNGA,0
9kRo0ULH--EDQwI69Shw-w,2
FN1sLS5hfMydZX94SYD1QA,0
XuH43OxI-NmA5-KbM5auvQ,0
riwJWxj4850tGBhRahDt7g,1
5c_jYz4IolgGdrJLabSTew,0
8hWGADp-m3NzX1-oSXPwPQ,1
Kk9WgsCJEclBbhWXxeL1TQ,0
NsTtjA9ZuJVr6pHApkOXsw,0
TB9Oi-HliFy7yycFFzvm9w,0
8aZFTAunMPJhv0Zz4jHWGw,0
OSjSbJEyIkey6tcTgL9y3Q,0
T7pfUqFPaxJWLquFePSLcw,0
Uz4ezmjEr2SawQL3zRcoZQ,8
K32hC2muzKilZkUs9RJhcw,5
pe4nl6zFDnoYx9ZaMOl-3w,0
FrkGJp1WIxpFFT07Qbos5w,5
q2SSz2-nRYWeFG2EoUMuZQ,0
ojmk4fKI4_8ZqRggwlxUpw,0
ELX24jqeRWZbR-Dq6wrnLQ,0
6tQrTyDTs5hWh5e4LlPLCg,0
tILA8ctsD_OZIcM2IfSyQA,0
vRdQizZLDFVh7TA9koOq2Q,0
ELgR35KIlpuTMeWi6tFP7g,0
ifEkf8JxP3RCBeszcIGLww,0
VbzoVWEPSfzaIGBq4KlVwQ,0
z9i9Tym7T64lMDg70Ii9hw,0
QNoDyRjQTmt2Pt1K4xHW3Q,0
96z5LhtPc2RQgNabJvrCJg,2
kBt6_fX1pZzizIMXDtD7og,1
zLDQl0CEv3WNSHAB1g8xXg,1
gd15-d7r2joRjkcXywMWUw,0
JvFDMS5yryf3lDwUPAb6OQ,0
Tr-8_aJ7VgywoRk3sMC4Ww,2
nXZS5W8-4VztBpjYIinpNw,0
P_1mSczqlosmm4ahM8v6LQ,0
SRg4QRR7xQrZ6cp9u8VX9g,1
r6MBlUIS8_U1JINh8HJZTw,0
yCgoR5GRjPXZXpdwHMUqTw,3
Ni1KrIwBlv489_4GTzXGEQ,0
nTIbCcAYMRrzUm29h0dk8Q,0
-M9uwwh6jHbzjHOm2N5fHg,2
bDFk_io_k-6To1ul3h3tuA,0
CZh7ag6mlr-4AMNkiEzHRg,0
XIBoAKSB52c3BYXnbLpgaA,0
KMxOsLntxetLSVUIf-uG4w,2
UK-v9kE16bUrifXmzfFxUw,0
oCo71AEK7x-CGpzVg56wRA,0
aQNDJ0WyuJZK-ZwkZqJq4g,0
z00F0RSAGimvSU9IrTevOw,2
W0hyjefq4YWl-uV-Hye5Mw,0
MxfQ_HrOBrSPSVk24CAb9A,0
h9tUG_bLdX30YAED9q0Fsg,3
aeZmTIjW5MbEARJC0Ch1rQ,0
V0ffRTuD2eZkUn6dyZAgRw,0
FNDX_9BaClbnmJyZI0mndQ,0
YNWEM2NVocUl6d74yRvpug,5
HmeKJIWJaJ7u8V9NhnZIEg,0
bS6aPaOR0X6OH4eFeEeUfw,15
MAQ3xsIxI9wbvilPYkvmVQ,0
_PlmFAlaUQHdQN6rli0gzA,0
6X1uRuf4Ykdt0prs_xqz6w,0
f3qKagX8q2lnz1O6Ulck7w,0
7L6pFDZN7jR2KqrDuxy-ng,1
wu4zVzAeTIClugvU_X4meA,0
IrD6smDjZM-Rt7B-SJDp4g,0
iR5MI7ch9z3AYiqxBVLJLw,0
9zOydjYJlIqsnJYtWDNP-A,0
iWFK7U-wBR-68X0VFrSkNA,2
9tQG4U90-x7Ha2_Tdg4Xmw,0
kLWpuSBJ0MGM7XRNlg0EEQ,0
v6AlogsSBf4sxrVHcSnMHQ,1
J4zpaa-HozFmRt4hYGlBuw,3
Q6_cM-2YjN10hgfs35Ml6g,0
lxuRSOi2RCW2yu0HT7GBEQ,0
YIaZeWePIaddftxUoxRh5g,0
UREmwQBCMimpOuFyKPW3xw,1
B5S_5MCYNWvcz0qn6dnTUw,0
P9pwQW2d-M1YgYQH71K-qw,0
E-3TJ8yFXpUSv1aThsVfZw,0
nN8plg8HmBSb4c7zdCZALQ,0
7UFRDoDdwC3_Pt77FzaJfg,0
ZlgwjiDDgsXl_rzR3XYwhw,0
Z53I9xwy0aMRy577GuM1KQ,0
ZlOWflwsH8mMtyMlQgYWZw,5
sSEKLTDGKdvOqevbfoBbiw,0
EXEzZQObGgWlQEHqZs3fLg,0
aAslC0l5mZB8oJNbld0byA,1
rDy9qZZEq-mbKExVQNTaqQ,0
AaRpbFg8-dazKyKmoh65tQ,0
_95ZY2UZrasSfuoDD_E1YA,1
Pn8fn5d95xGhEd-LADm2zw,0
f5KbR9Ty05qgJvFbMm7fjA,5
QENmoWh-mSKD8cBaK8lYhw,2
N9L1B3TD57wyDl7f3Awlcg,3
e_OEKGsZEndFkqcVyVb3Rw,0
2O2K6SXPWv56amqxCECd4w,17
